FishName,Season,LifeHistoryID,Sex,SpeciesID,Date,Length,Adipose,SampleLocation,LociGenotyped,
A00001,2003,Adult,Female,Chinook,9/19/2003,557,Present,Landsburg,Dam,10
A00002,2003,Adult,Female,Chinook,9/20/2003,475,Absent,Landsburg,Dam,10
A00003,2003,Adult,Male,Chinook,9/20/2003,776,Present,Landsburg,Dam,10
A00004,2003,Adult,Male,Chinook,9/22/2003,661,Absent,Landsburg,Dam,10
A00005,2003,Adult,Male,Chinook,9/23/2003,517,Absent,Landsburg,Dam,10
A00006,2003,Adult,Male,Chinook,9/26/2003,742,Absent,Landsburg,Dam,10
A00007,2003,Adult,Male,Chinook,9/26/2003,896,Present,Landsburg,Dam,10
A00008,2003,Adult,Male,Chinook,9/26/2003,682,Absent,Landsburg,Dam,10
A00009,2003,Adult,Male,Chinook,9/27/2003,863,Absent,Landsburg,Dam,10
A00010,2003,Adult,Male,Chinook,9/28/2003,586,Present,Landsburg,Dam,10
A00011,2003,Adult,Female,Chinook,9/29/2003,855,Present,Landsburg,Dam,10
A00012,2003,Adult,Male,Chinook,9/30/2003,616,Present,Landsburg,Dam,10
A00013,2003,Adult,Male,Chinook,9/30/2003,816,Present,Landsburg,Dam,10
A00014,2003,Adult,Male,Chinook,9/30/2003,866,Present,Landsburg,Dam,10
A00015,2003,Adult,Male,Chinook,9/30/2003,666,Absent,Landsburg,Dam,10
A00016,2003,Adult,Male,Chinook,9/30/2003,726,Absent,Landsburg,Dam,10
A00017,2003,Adult,Male,Chinook,9/30/2003,726,Absent,Landsburg,Dam,10
A00018,2003,Adult,Female,Chinook,9/30/2003,649,Absent,Landsburg,Dam,9
A00019,2003,Adult,Male,Chinook,10/1/2003,806,Absent,Landsburg,Dam,10
A00021,2003,Adult,Male,Chinook,10/1/2003,676,Absent,Landsburg,Dam,10
A00022,2003,Adult,Male,Chinook,10/2/2003,806,Present,Landsburg,Dam,9
A00023,2003,Adult,Male,Chinook,10/2/2003,796,Absent,Landsburg,Dam,10
A00024,2003,Adult,Male,Chinook,10/2/2003,706,Present,Landsburg,Dam,10
A00025,2003,Adult,Male,Chinook,10/3/2003,766,Present,Landsburg,Dam,10
A00026,2003,Adult,Male,Chinook,10/4/2003,746,Absent,Landsburg,Dam,10
A00027,2003,Adult,Male,Chinook,10/4/2003,686,Absent,Landsburg,Dam,10
A00028,2003,Adult,Female,Chinook,10/5/2003,824,Absent,Landsburg,Dam,10
A00029,2003,Adult,Male,Chinook,10/5/2003,826,Absent,Landsburg,Dam,10
A00030,2003,Adult,Female,Chinook,10/6/2003,803,Absent,Landsburg,Dam,9
A00031,2003,Adult,Male,Chinook,10/6/2003,656,Absent,Landsburg,Dam,10
A00033,2003,Adult,Male,Chinook,10/7/2003,636,Absent,Landsburg,Dam,10
A00034,2003,Adult,Female,Chinook,10/7/2003,547,Present,Landsburg,Dam,10
A00035,2003,Adult,Male,Chinook,10/7/2003,656,Absent,Landsburg,Dam,10
A00036,2003,Adult,Male,Chinook,10/7/2003,676,Absent,Landsburg,Dam,10
A00037,2003,Adult,Male,Chinook,10/7/2003,666,Absent,Landsburg,Dam,10
A00038,2003,Adult,Female,Chinook,10/7/2003,690,Absent,Landsburg,Dam,10
A00039,2003,Adult,Male,Chinook,10/7/2003,706,Absent,Landsburg,Dam,10
A00040,2003,Adult,Female,Chinook,10/7/2003,598,Absent,Landsburg,Dam,10
A00041,2003,Adult,Female,Chinook,10/7/2003,567,Absent,Landsburg,Dam,10
A00043,2003,Adult,Male,Chinook,10/9/2003,806,Present,Landsburg,Dam,10
A00044,2003,Adult,Male,Chinook,10/9/2003,676,Absent,Landsburg,Dam,10
A00045,2003,Adult,Male,Chinook,10/9/2003,776,Absent,Landsburg,Dam,10
A00046,2003,Adult,Male,Chinook,10/9/2003,636,Absent,Landsburg,Dam,10
A00047,2003,Adult,Male,Chinook,10/10/2003,726,Absent,Landsburg,Dam,9
A00048,2003,Adult,Female,Chinook,10/10/2003,783,Absent,Landsburg,Dam,10
A00049,2003,Adult,Male,Chinook,10/10/2003,656,Absent,Landsburg,Dam,10
A00050,2003,Adult,Male,Chinook,10/10/2003,826,Present,Landsburg,Dam,10
A00051,2003,Adult,Male,Chinook,10/10/2003,766,Absent,Landsburg,Dam,10
A00052,2003,Adult,Male,Chinook,10/10/2003,716,Absent,Landsburg,Dam,10
A00053,2003,Adult,Male,Chinook,10/11/2003,566,Absent,Landsburg,Dam,10
A00055,2003,Adult,Female,Chinook,10/11/2003,732,Present,Landsburg,Dam,10
A00056,2003,Adult,Male,Chinook,10/11/2003,716,Absent,Landsburg,Dam,10
A00058,2003,Adult,Male,Chinook,10/11/2003,696,Absent,Landsburg,Dam,10
A00059,2003,Adult,Male,Chinook,10/12/2003,786,Present,Landsburg,Dam,10
A00060,2003,Adult,Male,Chinook,10/12/2003,756,Absent,Landsburg,Dam,10
A00062,2003,Adult,Male,Chinook,10/12/2003,736,Present,Landsburg,Dam,10
A00063,2003,Adult,Female,Chinook,10/12/2003,773,Present,Landsburg,Dam,10
A00064,2003,Adult,Male,Chinook,10/12/2003,746,Absent,Landsburg,Dam,9
A00065,2003,Adult,Male,Chinook,10/12/2003,566,Absent,Landsburg,Dam,10
A00066,2003,Adult,Male,Chinook,10/12/2003,741,Absent,Landsburg,Dam,10
A00067,2003,Adult,Male,Chinook,10/12/2003,706,Present,Landsburg,Dam,10
A00068,2003,Adult,Male,Chinook,10/12/2003,776,Absent,Landsburg,Dam,10
A00069,2003,Adult,Male,Chinook,10/12/2003,766,Absent,Landsburg,Dam,9
A00070,2003,Adult,Male,Chinook,10/13/2003,716,Present,Landsburg,Dam,10
A00071,2003,Adult,Male,Chinook,10/13/2003,586,Absent,Landsburg,Dam,10
A00073,2003,Adult,Male,Chinook,10/13/2003,696,Absent,Landsburg,Dam,9
A00077,2003,Adult,Male,Chinook,10/14/2003,706,Absent,Landsburg,Dam,10
A00078,2003,Adult,Male,Chinook,10/14/2003,636,Absent,Landsburg,Dam,10
A00079,2003,Adult,Female,Chinook,10/15/2003,865,Absent,Landsburg,Dam,10
A00080,2003,Adult,Male,Chinook,10/15/2003,726,Present,Landsburg,Dam,10
A00081,2003,Adult,Male,Chinook,10/15/2003,716,Present,Landsburg,Dam,10
A00082,2003,Adult,Male,Chinook,10/15/2003,646,Present,Landsburg,Dam,10
A00083,2003,Adult,Female,Chinook,10/15/2003,773,Present,Landsburg,Dam,9
A00084,2003,Adult,Male,Chinook,10/18/2003,611,Absent,Landsburg,Dam,10
A00087,2003,Adult,Female,Chinook,10/20/2003,742,Absent,Landsburg,Dam,10
A00088,2003,Adult,Male,Chinook,10/21/2003,796,Absent,Landsburg,Dam,10
A00500,2004,Adult,Female,Chinook,9/17/2004,820,Absent,Landsburg,Dam,10
A00501,2004,Adult,Female,Chinook,9/22/2004,685,Present,Landsburg,Dam,10
A00502,2004,Adult,Male,Chinook,9/28/2004,520,Present,Landsburg,Dam,10
A00503,2004,Adult,Male,Chinook,9/30/2004,1100,Present,Landsburg,Dam,10
A00504,2004,Adult,Female,Chinook,10/1/2004,850,Absent,Landsburg,Dam,10
A00505,2004,Adult,Male,Chinook,10/1/2004,845,Present,Landsburg,Dam,10
A00507,2004,Adult,Female,Chinook,10/1/2004,793,Present,Landsburg,Dam,10
A00508,2004,Adult,Male,Chinook,10/2/2004,970,Present,Landsburg,Dam,10
A00509,2004,Adult,Male,Chinook,10/3/2004,590,Absent,Landsburg,Dam,10
A00510,2004,Adult,Female,Chinook,10/6/2004,840,Absent,Landsburg,Dam,10
A00511,2004,Adult,Male,Chinook,10/6/2004,895,Present,Landsburg,Dam,10
A00512,2004,Adult,Female,Chinook,10/6/2004,830,Absent,Landsburg,Dam,10
A00513,2004,Adult,Male,Chinook,10/6/2004,830,Absent,Landsburg,Dam,10
A00514,2004,Adult,Female,Chinook,10/7/2004,880,Present,Landsburg,Dam,10
A00515,2004,Adult,Male,Chinook,10/7/2004,910,Present,Landsburg,Dam,10
A00516,2004,Adult,Male,Chinook,10/8/2004,780,Absent,Landsburg,Dam,10
A00517,2004,Adult,Male,Chinook,10/8/2004,480,Present,Landsburg,Dam,10
A00518,2004,Adult,Male,Chinook,10/8/2004,440,Absent,Landsburg,Dam,10
A00519,2004,Adult,Female,Chinook,10/8/2004,835,Present,Landsburg,Dam,10
A00520,2004,Adult,Male,Chinook,10/8/2004,960,Absent,Landsburg,Dam,10
A00522,2004,Adult,Male,Chinook,10/9/2004,910,Absent,Landsburg,Dam,10
A00523,2004,Adult,Male,Chinook,10/9/2004,770,Absent,Landsburg,Dam,10
A00524,2004,Adult,Male,Chinook,10/9/2004,850,Absent,Landsburg,Dam,10
A00525,2004,Adult,Male,Chinook,10/10/2004,870,Absent,Landsburg,Dam,10
A00527,2004,Adult,Male,Chinook,10/10/2004,800,Absent,Landsburg,Dam,10
A00528,2004,Adult,Female,Chinook,10/11/2004,830,Absent,Landsburg,Dam,10
A00530,2004,Adult,Female,Chinook,10/12/2004,950,Absent,Landsburg,Dam,10
A00531,2004,Adult,Male,Chinook,10/12/2004,540,Present,Landsburg,Dam,9
A00532,2004,Adult,Female,Chinook,10/13/2004,890,Absent,Landsburg,Dam,10
A00533,2004,Adult,Female,Chinook,10/13/2004,860,Absent,Landsburg,Dam,10
A00534,2004,Adult,Female,Chinook,10/13/2004,900,Present,Landsburg,Dam,10
A00535,2004,Adult,Female,Chinook,10/13/2004,980,Absent,Landsburg,Dam,10
A00536,2004,Adult,Male,Chinook,10/13/2004,575,Absent,Landsburg,Dam,10
A00537,2004,Adult,Female,Chinook,10/13/2004,790,Present,Landsburg,Dam,9
A00538,2004,Adult,Female,Chinook,10/13/2004,820,Absent,Landsburg,Dam,10
A00539,2004,Adult,Male,Chinook,10/13/2004,940,Absent,Landsburg,Dam,10
A00540,2004,Adult,Male,Chinook,10/13/2004,950,Absent,Landsburg,Dam,10
A00541,2004,Adult,Female,Chinook,10/15/2004,880,Absent,Landsburg,Dam,10
A00542,2004,Adult,Male,Chinook,10/15/2004,620,Absent,Landsburg,Dam,10
A00543,2004,Adult,Male,Chinook,10/15/2004,900,Absent,Landsburg,Dam,10
A00544,2004,Adult,Male,Chinook,10/15/2004,780,Absent,Landsburg,Dam,10
A00545,2004,Adult,Female,Chinook,10/15/2004,700,Absent,Landsburg,Dam,10
A00546,2004,Adult,Female,Chinook,10/15/2004,900,Absent,Landsburg,Dam,10
A00547,2004,Adult,Female,Chinook,10/16/2004,910,Absent,Landsburg,Dam,10
A00549,2004,Adult,Male,Chinook,10/16/2004,710,Present,Landsburg,Dam,9
A00550,2004,Adult,Male,Chinook,10/17/2004,855,Absent,Landsburg,Dam,10
A00551,2004,Adult,Female,Chinook,10/17/2004,870,Present,Landsburg,Dam,10
A00555,2004,Adult,Male,Chinook,10/18/2004,880,Absent,Landsburg,Dam,10
A00557,2004,Adult,Male,Chinook,10/20/2004,950,Absent,Landsburg,Dam,10
A00558,2004,Adult,Male,Chinook,10/24/2004,635,Present,Landsburg,Dam,10
A00569,2004,Adult,Female,Chinook,11/16/2004,710,Absent,Landsburg,Dam,10
A02080,2005,Adult,Female,Chinook,9/20/2005,530,Present,Landsburg,Dam,10
A02082,2005,Adult,Male,Chinook,9/26/2005,380,Present,Landsburg,Dam,7
A02083,2005,Adult,Male,Chinook,9/26/2005,450,Present,Landsburg,Dam,7
A02085,2005,Adult,Male,Chinook,9/30/2005,840,Present,Landsburg,Dam,10
A02086,2005,Adult,Female,Chinook,9/30/2005,770,Present,Landsburg,Dam,10
A02087,2005,Adult,Male,Chinook,9/30/2005,600,Absent,Landsburg,Dam,10
A02088,2005,Adult,Female,Chinook,9/30/2005,820,Present,Landsburg,Dam,10
A02089,2005,Adult,Male,Chinook,9/30/2005,760,Present,Landsburg,Dam,10
A02090,2005,Adult,Female,Chinook,9/30/2005,820,Present,Landsburg,Dam,10
A02091,2005,Adult,Male,Chinook,9/30/2005,780,Present,Landsburg,Dam,10
A02092,2005,Adult,Male,Chinook,9/30/2005,750,Present,Landsburg,Dam,10
A02093,2005,Adult,Male,Chinook,9/30/2005,880,Present,Landsburg,Dam,10
A02094,2005,Adult,Female,Chinook,9/30/2005,820,Present,Landsburg,Dam,10
A02095,2005,Adult,Female,Chinook,9/30/2005,630,Present,Landsburg,Dam,9
A02096,2005,Adult,Male,Chinook,9/30/2005,690,Present,Landsburg,Dam,10
A02097,2005,Adult,Male,Chinook,10/1/2005,820,Present,Landsburg,Dam,10
A02098,2005,Adult,Male,Chinook,10/1/2005,780,Present,Landsburg,Dam,10
A02099,2005,Adult,Male,Chinook,10/1/2005,840,Absent,Landsburg,Dam,10
A02100,2005,Adult,Male,Chinook,10/1/2005,530,Present,Landsburg,Dam,10
A02101,2005,Adult,Male,Chinook,10/1/2005,740,Present,Landsburg,Dam,10
A02102,2005,Adult,Male,Chinook,10/1/2005,790,Absent,Landsburg,Dam,10
A02103,2005,Adult,Male,Chinook,10/1/2005,790,Present,Landsburg,Dam,9
A02104,2005,Adult,Male,Chinook,10/1/2005,790,Absent,Landsburg,Dam,10
A02105,2005,Adult,Female,Chinook,10/1/2005,910,Absent,Landsburg,Dam,10
A02106,2005,Adult,Male,Chinook,10/1/2005,720,Present,Landsburg,Dam,10
A02107,2005,Adult,Male,Chinook,10/1/2005,700,Present,Landsburg,Dam,9
A02108,2005,Adult,Male,Chinook,10/1/2005,770,Present,Landsburg,Dam,10
A02109,2005,Adult,Male,Chinook,10/1/2005,680,Absent,Landsburg,Dam,10
A02110,2005,Adult,Male,Chinook,10/2/2005,770,Present,Landsburg,Dam,10
A02111,2005,Adult,Female,Chinook,10/2/2005,840,Present,Landsburg,Dam,9
A02112,2005,Adult,Male,Chinook,10/3/2005,760,Absent,Landsburg,Dam,10
A02113,2005,Adult,Male,Chinook,10/3/2005,770,Absent,Landsburg,Dam,10
A02114,2005,Adult,Female,Chinook,10/4/2005,750,Present,Landsburg,Dam,10
A02115,2005,Adult,Male,Chinook,10/5/2005,760,Present,Landsburg,Dam,10
A02116,2005,Adult,Male,Chinook,10/5/2005,400,Present,Landsburg,Dam,8
A02117,2005,Adult,Male,Chinook,10/5/2005,910,Present,Landsburg,Dam,10
A02118,2005,Adult,Female,Chinook,10/5/2005,880,Absent,Landsburg,Dam,9
A02119,2005,Adult,Male,Chinook,10/5/2005,800,Present,Landsburg,Dam,10
A02120,2005,Adult,Male,Chinook,10/5/2005,930,Present,Landsburg,Dam,10
A02121,2005,Adult,Male,Chinook,10/6/2005,460,Present,Landsburg,Dam,10
A02122,2005,Adult,Female,Chinook,10/6/2005,730,Absent,Landsburg,Dam,10
A02123,2005,Adult,Male,Chinook,10/6/2005,710,Absent,Landsburg,Dam,9
A02124,2005,Adult,Female,Chinook,10/6/2005,900,Absent,Landsburg,Dam,10
A02125,2005,Adult,Male,Chinook,10/6/2005,880,Absent,Landsburg,Dam,10
A02126,2005,Adult,Male,Chinook,10/6/2005,730,Absent,Landsburg,Dam,10
A02127,2005,Adult,Male,Chinook,10/7/2005,740,Present,Landsburg,Dam,10
A02128,2005,Adult,Male,Chinook,10/7/2005,760,Present,Landsburg,Dam,10
A02129,2005,Adult,Male,Chinook,10/7/2005,890,Present,Landsburg,Dam,10
A02130,2005,Adult,Male,Chinook,10/7/2005,860,Present,Landsburg,Dam,10
A02131,2005,Adult,Male,Chinook,10/7/2005,840,Absent,Landsburg,Dam,10
A02133,2005,Adult,Male,Chinook,10/7/2005,780,Absent,Landsburg,Dam,10
A02134,2005,Adult,Male,Chinook,10/7/2005,800,Absent,Landsburg,Dam,10
A02135,2005,Adult,Male,Chinook,10/7/2005,840,Absent,Landsburg,Dam,10
A02136,2005,Adult,Female,Chinook,10/7/2005,870,Present,Landsburg,Dam,10
A02137,2005,Adult,Female,Chinook,10/7/2005,890,Present,Landsburg,Dam,10
A02138,2005,Adult,Female,Chinook,10/8/2005,930,Present,Landsburg,Dam,10
A02139,2005,Adult,Female,Chinook,10/9/2005,840,Present,Landsburg,Dam,10
A02141,2005,Adult,Male,Chinook,10/9/2005,890,Absent,Landsburg,Dam,10
A02143,2005,Adult,Male,Chinook,10/10/2005,810,Absent,Landsburg,Dam,10
A02144,2005,Adult,Male,Chinook,10/10/2005,810,Absent,Landsburg,Dam,10
A02152,2005,Adult,Male,Chinook,10/10/2005,730,Absent,Landsburg,Dam,10
A02153,2005,Adult,Male,Chinook,10/12/2005,810,Absent,Landsburg,Dam,10
A02158,2005,Adult,Male,Chinook,10/14/2005,780,Absent,Landsburg,Dam,10
A02169,2005,Adult,Male,Chinook,10/17/2005,790,Present,Landsburg,Dam,10
A02170,2005,Adult,Male,Chinook,10/17/2005,880,Absent,Landsburg,Dam,10
A02174,2005,Adult,Male,Chinook,10/20/2005,600,Absent,Landsburg,Dam,10
A02197,2005,Adult,Male,Chinook,11/4/2005,810,Absent,Landsburg,Dam,10
A03201,2006,Adult,Male,Chinook,9/16/2006,530,Absent,Landsburg,Dam,10
A03202,2006,Adult,Male,Chinook,9/16/2006,750,Present,Landsburg,Dam,10
A03203,2006,Adult,Male,Chinook,9/17/2006,790,Present,Landsburg,Dam,10
A03204,2006,Adult,Male,Chinook,9/19/2006,610,Absent,Landsburg,Dam,10
A03205,2006,Adult,Male,Chinook,9/19/2006,470,Present,Landsburg,Dam,10
A03206,2006,Adult,Male,Chinook,9/19/2006,500,Present,Landsburg,Dam,10
A03207,2006,Adult,Male,Chinook,9/19/2006,550,Absent,Landsburg,Dam,10
A03208,2006,Adult,Male,Chinook,9/19/2006,480,Absent,Landsburg,Dam,10
A03209,2006,Adult,Female,Chinook,9/19/2006,880,Absent,Landsburg,Dam,9
A03210,2006,Adult,Male,Chinook,9/19/2006,710,Present,Landsburg,Dam,10
A03211,2006,Adult,Male,Chinook,9/20/2006,930,Present,Landsburg,Dam,10
A03212,2006,Adult,Male,Chinook,9/20/2006,800,Present,Landsburg,Dam,10
A03213,2006,Adult,Male,Chinook,9/21/2006,540,Present,Landsburg,Dam,10
A03214,2006,Adult,Male,Chinook,9/21/2006,540,Present,Landsburg,Dam,10
A03215,2006,Adult,Male,Chinook,9/21/2006,470,Present,Landsburg,Dam,10
A03216,2006,Adult,Male,Chinook,9/21/2006,510,Present,Landsburg,Dam,10
A03217,2006,Adult,Male,Chinook,9/21/2006,750,Present,Landsburg,Dam,10
A03218,2006,Adult,Male,Chinook,9/21/2006,980,Present,Landsburg,Dam,10
A03219,2006,Adult,Female,Chinook,9/21/2006,860,Present,Landsburg,Dam,10
A03220,2006,Adult,Male,Chinook,9/22/2006,980,Absent,Landsburg,Dam,10
A03221,2006,Adult,Male,Chinook,9/22/2006,560,Absent,Landsburg,Dam,10
A03222,2006,Adult,Male,Chinook,9/22/2006,700,Present,Landsburg,Dam,10
A03223,2006,Adult,Male,Chinook,9/22/2006,770,Present,Landsburg,Dam,9
A03224,2006,Adult,Male,Chinook,9/23/2006,520,Present,Landsburg,Dam,10
A03225,2006,Adult,Male,Chinook,9/23/2006,540,Present,Landsburg,Dam,10
A03226,2006,Adult,Female,Chinook,9/23/2006,860,Present,Landsburg,Dam,10
A03227,2006,Adult,Male,Chinook,9/23/2006,800,Present,Landsburg,Dam,10
A03228,2006,Adult,Male,Chinook,9/23/2006,730,Absent,Landsburg,Dam,9
A03229,2006,Adult,Male,Chinook,9/23/2006,790,Present,Landsburg,Dam,10
A03230,2006,Adult,Female,Chinook,9/24/2006,815,Present,Landsburg,Dam,10
A03231,2006,Adult,Male,Chinook,9/24/2006,550,Absent,Landsburg,Dam,10
A03232,2006,Adult,Male,Chinook,9/24/2006,850,Present,Landsburg,Dam,10
A03234,2006,Adult,Male,Chinook,9/25/2006,510,Present,Landsburg,Dam,10
A03235,2006,Adult,Female,Chinook,9/25/2006,740,Present,Landsburg,Dam,10
A03236,2006,Adult,Male,Chinook,9/25/2006,800,Present,Landsburg,Dam,10
A03237,2006,Adult,Male,Chinook,9/25/2006,760,Present,Landsburg,Dam,10
A03238,2006,Adult,Male,Chinook,9/26/2006,960,Present,Landsburg,Dam,10
A03239,2006,Adult,Female,Chinook,9/26/2006,840,Present,Landsburg,Dam,10
A03240,2006,Adult,Male,Chinook,9/27/2006,530,Present,Landsburg,Dam,10
A03241,2006,Adult,Male,Chinook,9/27/2006,570,Present,Landsburg,Dam,10
A03242,2006,Adult,Male,Chinook,9/27/2006,560,Absent,Landsburg,Dam,10
A03243,2006,Adult,Female,Chinook,9/27/2006,830,Present,Landsburg,Dam,10
A03244,2006,Adult,Male,Chinook,9/27/2006,800,Absent,Landsburg,Dam,10
A03245,2006,Adult,Male,Chinook,9/27/2006,800,Present,Landsburg,Dam,10
A03246,2006,Adult,Male,Chinook,9/27/2006,750,Present,Landsburg,Dam,8
A03247,2006,Adult,Male,Chinook,9/27/2006,850,Present,Landsburg,Dam,10
A03248,2006,Adult,Male,Chinook,9/27/2006,770,Present,Landsburg,Dam,10
A03249,2006,Adult,Male,Chinook,9/27/2006,890,Absent,Landsburg,Dam,10
A03250,2006,Adult,Male,Chinook,9/28/2006,540,Absent,Landsburg,Dam,10
A03251,2006,Adult,Male,Chinook,9/28/2006,560,Present,Landsburg,Dam,10
A03252,2006,Adult,Male,Chinook,9/28/2006,590,Present,Landsburg,Dam,10
A03253,2006,Adult,Male,Chinook,9/28/2006,870,Absent,Landsburg,Dam,10
A03254,2006,Adult,Male,Chinook,9/28/2006,740,Absent,Landsburg,Dam,10
A03255,2006,Adult,Female,Chinook,9/28/2006,780,Present,Landsburg,Dam,10
A03256,2006,Adult,Male,Chinook,9/28/2006,820,Present,Landsburg,Dam,10
A03257,2006,Adult,Male,Chinook,9/28/2006,540,Absent,Landsburg,Dam,10
A03258,2006,Adult,Male,Chinook,9/28/2006,710,Absent,Landsburg,Dam,10
A03259,2006,Adult,Male,Chinook,9/29/2006,490,Absent,Landsburg,Dam,10
A03260,2006,Adult,Male,Chinook,9/29/2006,540,Present,Landsburg,Dam,10
A03261,2006,Adult,Male,Chinook,9/29/2006,560,Absent,Landsburg,Dam,10
A03262,2006,Adult,Female,Chinook,9/29/2006,780,Present,Landsburg,Dam,9
A03263,2006,Adult,Male,Chinook,10/2/2006,570,Absent,Landsburg,Dam,10
A03265,2006,Adult,Male,Chinook,10/2/2006,590,Present,Landsburg,Dam,10
A03266,2006,Adult,Male,Chinook,10/2/2006,560,Present,Landsburg,Dam,10
A03267,2006,Adult,Male,Chinook,10/2/2006,830,Present,Landsburg,Dam,10
A03268,2006,Adult,Male,Chinook,10/4/2006,540,Absent,Landsburg,Dam,10
A03269,2006,Adult,Male,Chinook,10/4/2006,830,Absent,Landsburg,Dam,10
A03270,2006,Adult,Male,Chinook,10/4/2006,800,Present,Landsburg,Dam,10
A03271,2006,Adult,Female,Chinook,10/4/2006,840,Absent,Landsburg,Dam,10
A03272,2006,Adult,Male,Chinook,10/4/2006,800,Absent,Landsburg,Dam,9
A03273,2006,Adult,Female,Chinook,10/5/2006,930,Present,Landsburg,Dam,10
A03274,2006,Adult,Female,Chinook,10/5/2006,780,Absent,Landsburg,Dam,10
A03275,2006,Adult,Male,Chinook,10/5/2006,500,Present,Landsburg,Dam,10
A03276,2006,Adult,Male,Chinook,10/5/2006,780,Present,Landsburg,Dam,10
A03277,2006,Adult,Male,Chinook,10/5/2006,870,Absent,Landsburg,Dam,10
A03279,2006,Adult,Male,Chinook,10/5/2006,890,Absent,Landsburg,Dam,10
A03280,2006,Adult,Male,Chinook,10/6/2006,980,Absent,Landsburg,Dam,10
A03281,2006,Adult,Male,Chinook,10/6/2006,610,Absent,Landsburg,Dam,10
A03282,2006,Adult,Male,Chinook,10/6/2006,1000,Absent,Landsburg,Dam,10
A03283,2006,Adult,Male,Chinook,10/6/2006,540,Present,Landsburg,Dam,10
A03284,2006,Adult,Male,Chinook,10/6/2006,540,Absent,Landsburg,Dam,10
A03285,2006,Adult,Male,Chinook,10/6/2006,740,Present,Landsburg,Dam,10
A03286,2006,Adult,Male,Chinook,10/6/2006,530,Absent,Landsburg,Dam,10
A03287,2006,Adult,Male,Chinook,10/6/2006,540,Absent,Landsburg,Dam,9
A03288,2006,Adult,Male,Chinook,10/6/2006,600,Present,Landsburg,Dam,10
A03289,2006,Adult,Male,Chinook,10/6/2006,550,Present,Landsburg,Dam,10
A03290,2006,Adult,Male,Chinook,10/6/2006,720,Present,Landsburg,Dam,10
A03291,2006,Adult,Male,Chinook,10/6/2006,780,Absent,Landsburg,Dam,10
A03292,2006,Adult,Male,Chinook,10/7/2006,500,Present,Landsburg,Dam,10
A03293,2006,Adult,Male,Chinook,10/7/2006,500,Absent,Landsburg,Dam,10
A03294,2006,Adult,Male,Chinook,10/7/2006,850,Present,Landsburg,Dam,10
A03295,2006,Adult,Male,Chinook,10/7/2006,800,Present,Landsburg,Dam,10
A03296,2006,Adult,Female,Chinook,10/7/2006,780,Present,Landsburg,Dam,10
A03297,2006,Adult,Male,Chinook,10/7/2006,860,Absent,Landsburg,Dam,10
A03298,2006,Adult,Male,Chinook,10/7/2006,530,Present,Landsburg,Dam,10
A03299,2006,Adult,Male,Chinook,10/7/2006,590,Absent,Landsburg,Dam,10
A03300,2006,Adult,Male,Chinook,10/7/2006,800,Present,Landsburg,Dam,10
A03301,2006,Adult,Male,Chinook,10/7/2006,740,Present,Landsburg,Dam,10
A03302,2006,Adult,Male,Chinook,10/7/2006,740,Absent,Landsburg,Dam,10
A03303,2006,Adult,Male,Chinook,10/7/2006,940,Present,Landsburg,Dam,10
A03304,2006,Adult,Female,Chinook,10/7/2006,1060,Present,Landsburg,Dam,10
A03305,2006,Adult,Male,Chinook,10/8/2006,630,Present,Landsburg,Dam,10
A03307,2006,Adult,Male,Chinook,10/8/2006,920,Present,Landsburg,Dam,10
A03308,2006,Adult,Male,Chinook,10/8/2006,700,Absent,Landsburg,Dam,10
A03309,2006,Adult,Female,Chinook,10/8/2006,820,Absent,Landsburg,Dam,10
A03310,2006,Adult,Male,Chinook,10/8/2006,510,Absent,Landsburg,Dam,10
A03311,2006,Adult,Male,Chinook,10/8/2006,750,Absent,Landsburg,Dam,9
A03312,2006,Adult,Male,Chinook,10/8/2006,900,Present,Landsburg,Dam,10
A03313,2006,Adult,Male,Chinook,10/8/2006,770,Present,Landsburg,Dam,10
A03314,2006,Adult,Female,Chinook,10/8/2006,920,Present,Landsburg,Dam,9
A03316,2006,Adult,Male,Chinook,10/9/2006,580,Present,Landsburg,Dam,10
A03317,2006,Adult,Male,Chinook,10/9/2006,720,Absent,Landsburg,Dam,10
A03318,2006,Adult,Male,Chinook,10/9/2006,860,Absent,Landsburg,Dam,10
A03319,2006,Adult,Male,Chinook,10/9/2006,770,Absent,Landsburg,Dam,10
A03320,2006,Adult,Female,Chinook,10/9/2006,810,Absent,Landsburg,Dam,10
A03322,2006,Adult,Male,Chinook,10/9/2006,520,Absent,Landsburg,Dam,10
A03323,2006,Adult,Male,Chinook,10/9/2006,760,Present,Landsburg,Dam,10
A03324,2006,Adult,Female,Chinook,10/9/2006,900,Present,Landsburg,Dam,10
A03325,2006,Adult,Male,Chinook,10/9/2006,850,Absent,Landsburg,Dam,10
A03326,2006,Adult,Male,Chinook,10/9/2006,540,Present,Landsburg,Dam,10
A03327,2006,Adult,Male,Chinook,10/9/2006,560,Absent,Landsburg,Dam,10
A03328,2006,Adult,Female,Chinook,10/9/2006,830,Present,Landsburg,Dam,10
A03329,2006,Adult,Female,Chinook,10/10/2006,820,Present,Landsburg,Dam,10
A03330,2006,Adult,Male,Chinook,10/10/2006,560,Absent,Landsburg,Dam,10
A03331,2006,Adult,Female,Chinook,10/10/2006,830,Present,Landsburg,Dam,10
A03332,2006,Adult,Male,Chinook,10/10/2006,520,Present,Landsburg,Dam,10
A03333,2006,Adult,Male,Chinook,10/10/2006,1100,Present,Landsburg,Dam,10
A03334,2006,Adult,Male,Chinook,10/10/2006,670,Present,Landsburg,Dam,10
A03336,2006,Adult,Male,Chinook,10/10/2006,940,Present,Landsburg,Dam,9
A03338,2006,Adult,Female,Chinook,10/11/2006,900,Present,Landsburg,Dam,10
A03339,2006,Adult,Male,Chinook,10/11/2006,560,Present,Landsburg,Dam,10
A03341,2006,Adult,Female,Chinook,10/12/2006,890,Present,Landsburg,Dam,10
A03342,2006,Adult,Female,Chinook,10/12/2006,900,Absent,Landsburg,Dam,9
A03343,2006,Adult,Male,Chinook,10/12/2006,840,Absent,Landsburg,Dam,10
A03344,2006,Adult,Male,Chinook,10/12/2006,570,Present,Landsburg,Dam,9
A03345,2006,Adult,Male,Chinook,10/12/2006,430,Absent,Landsburg,Dam,10
A03346,2006,Adult,Male,Chinook,10/12/2006,510,Present,Landsburg,Dam,10
A03347,2006,Adult,Male,Chinook,10/12/2006,510,Present,Landsburg,Dam,10
A03348,2006,Adult,Male,Chinook,10/12/2006,950,Present,Landsburg,Dam,10
A03349,2006,Adult,Male,Chinook,10/12/2006,580,Present,Landsburg,Dam,10
A03350,2006,Adult,Male,Chinook,10/12/2006,630,Absent,Landsburg,Dam,10
A03351,2006,Adult,Male,Chinook,10/12/2006,760,Present,Landsburg,Dam,10
A03353,2006,Adult,Male,Chinook,10/12/2006,630,Present,Landsburg,Dam,9
A03354,2006,Adult,Female,Chinook,10/12/2006,860,Absent,Landsburg,Dam,10
A03355,2006,Adult,Male,Chinook,10/13/2006,610,Absent,Landsburg,Dam,10
A03356,2006,Adult,Male,Chinook,10/13/2006,570,Absent,Landsburg,Dam,10
A03357,2006,Adult,Male,Chinook,10/13/2006,520,Absent,Landsburg,Dam,10
A03358,2006,Adult,Male,Chinook,10/13/2006,870,Absent,Landsburg,Dam,10
A03359,2006,Adult,Male,Chinook,10/15/2006,520,Absent,Landsburg,Dam,10
A03360,2006,Adult,Male,Chinook,10/15/2006,740,Absent,Landsburg,Dam,9
A03363,2006,Adult,Female,Chinook,10/15/2006,820,Absent,Landsburg,Dam,10
A03364,2006,Adult,Male,Chinook,10/15/2006,480,Absent,Landsburg,Dam,10
A03365,2006,Adult,Male,Chinook,10/16/2006,520,Present,Landsburg,Dam,10
A03366,2006,Adult,Male,Chinook,10/16/2006,800,Present,Landsburg,Dam,10
A03367,2006,Adult,Male,Chinook,10/16/2006,870,Absent,Landsburg,Dam,10
A03368,2006,Adult,Female,Chinook,10/17/2006,880,Absent,Landsburg,Dam,10
A03369,2006,Adult,Male,Chinook,10/18/2006,540,Present,Landsburg,Dam,10
A03376,2006,Adult,Male,Chinook,10/19/2006,850,Absent,Landsburg,Dam,10
A03377,2006,Adult,Male,Chinook,10/19/2006,780,Absent,Landsburg,Dam,10
A03378,2006,Adult,Female,Chinook,10/19/2006,900,Present,Landsburg,Dam,10
A03379,2006,Adult,Male,Chinook,10/19/2006,770,Absent,Landsburg,Dam,10
A03380,2006,Adult,Male,Chinook,10/19/2006,710,Absent,Landsburg,Dam,10
A03381,2006,Adult,Male,Chinook,10/19/2006,790,Absent,Landsburg,Dam,10
A03382,2006,Adult,Male,Chinook,10/20/2006,510,Absent,Landsburg,Dam,10
A03383,2006,Adult,Male,Chinook,10/20/2006,580,Present,Landsburg,Dam,10
A03384,2006,Adult,Female,Chinook,10/20/2006,700,Absent,Landsburg,Dam,10
A03385,2006,Adult,Female,Chinook,10/20/2006,860,Absent,Landsburg,Dam,10
A03387,2006,Adult,Male,Chinook,10/21/2006,800,Present,Landsburg,Dam,7
A03388,2006,Adult,Male,Chinook,10/21/2006,860,Absent,Landsburg,Dam,10
A03389,2006,Adult,Male,Chinook,10/21/2006,600,Absent,Landsburg,Dam,10
A03390,2006,Adult,Male,Chinook,10/21/2006,830,Present,Landsburg,Dam,10
A03391,2006,Adult,Male,Chinook,10/22/2006,950,Present,Landsburg,Dam,10
A03392,2006,Adult,Male,Chinook,10/22/2006,790,Absent,Landsburg,Dam,9
A03393,2006,Adult,Male,Chinook,10/22/2006,730,Absent,Landsburg,Dam,10
A03394,2006,Adult,Female,Chinook,10/22/2006,840,Present,Landsburg,Dam,10
A03395,2006,Adult,Male,Chinook,10/22/2006,760,Absent,Landsburg,Dam,10
A03397,2006,Adult,Male,Chinook,10/23/2006,740,Present,Landsburg,Dam,7
A03398,2006,Adult,Male,Chinook,10/23/2006,800,Absent,Landsburg,Dam,10
A03399,2006,Adult,Female,Chinook,10/23/2006,830,Absent,Landsburg,Dam,10
A03420,2006,Adult,Male,Chinook,11/5/2006,750,Absent,Landsburg,Dam,10
A04701,2007,Adult,Male,Chinook,9/10/2007,670,Present,Landsburg,Dam,10
A04702,2007,Adult,Male,Chinook,9/12/2007,970,Present,Landsburg,Dam,10
A04703,2007,Adult,Female,Chinook,9/13/2007,950,Absent,Landsburg,Dam,9
A04704,2007,Adult,Male,Chinook,9/14/2007,880,Present,Landsburg,Dam,10
A04705,2007,Adult,Male,Chinook,9/14/2007,790,Present,Landsburg,Dam,9
A04707,2007,Adult,Female,Chinook,9/15/2007,840,Present,Landsburg,Dam,9
A04708,2007,Adult,Male,Chinook,9/18/2007,700,Present,Landsburg,Dam,10
A04709,2007,Adult,Male,Chinook,9/18/2007,600,Present,Landsburg,Dam,9
A04710,2007,Adult,Female,Chinook,9/18/2007,860,Present,Landsburg,Dam,9
A04711,2007,Adult,Male,Chinook,9/18/2007,810,Present,Landsburg,Dam,10
A04712,2007,Adult,Male,Chinook,9/18/2007,780,Present,Landsburg,Dam,9
A04713,2007,Adult,Male,Chinook,9/18/2007,700,Present,Landsburg,Dam,10
A04714,2007,Adult,Male,Chinook,9/18/2007,970,Absent,Landsburg,Dam,10
A04715,2007,Adult,Male,Chinook,9/18/2007,740,Absent,Landsburg,Dam,10
A04716,2007,Adult,Male,Chinook,9/18/2007,830,Present,Landsburg,Dam,10
A04717,2007,Adult,Male,Chinook,9/18/2007,780,Present,Landsburg,Dam,10
A04718,2007,Adult,Male,Chinook,9/18/2007,740,Present,Landsburg,Dam,10
A04719,2007,Adult,Male,Chinook,9/18/2007,830,Present,Landsburg,Dam,10
A04720,2007,Adult,Female,Chinook,9/18/2007,700,Present,Landsburg,Dam,10
A04721,2007,Adult,Male,Chinook,9/18/2007,730,Present,Landsburg,Dam,10
A04722,2007,Adult,Male,Chinook,9/19/2007,730,Present,Landsburg,Dam,10
A04723,2007,Adult,Male,Chinook,9/19/2007,850,Present,Landsburg,Dam,10
A04724,2007,Adult,Male,Chinook,9/19/2007,890,Present,Landsburg,Dam,10
A04725,2007,Adult,Male,Chinook,9/19/2007,950,Absent,Landsburg,Dam,10
A04726,2007,Adult,Male,Chinook,9/19/2007,720,Present,Landsburg,Dam,10
A04727,2007,Adult,Male,Chinook,9/19/2007,950,Present,Landsburg,Dam,10
A04728,2007,Adult,Male,Chinook,9/20/2007,730,Present,Landsburg,Dam,10
A04729,2007,Adult,Male,Chinook,9/20/2007,820,Present,Landsburg,Dam,10
A04730,2007,Adult,Male,Chinook,9/20/2007,790,Present,Landsburg,Dam,10
A04731,2007,Adult,Male,Chinook,9/20/2007,950,Present,Landsburg,Dam,10
A04732,2007,Adult,Male,Chinook,9/20/2007,940,Present,Landsburg,Dam,10
A04733,2007,Adult,Female,Chinook,9/20/2007,950,Present,Landsburg,Dam,9
A04734,2007,Adult,Male,Chinook,9/20/2007,980,Present,Landsburg,Dam,10
A04735,2007,Adult,Male,Chinook,9/21/2007,620,Present,Landsburg,Dam,10
A04736,2007,Adult,Female,Chinook,9/21/2007,940,Present,Landsburg,Dam,10
A04737,2007,Adult,Male,Chinook,9/21/2007,820,Present,Landsburg,Dam,10
A04738,2007,Adult,Male,Chinook,9/21/2007,890,Present,Landsburg,Dam,10
A04739,2007,Adult,Female,Chinook,9/21/2007,760,Present,Landsburg,Dam,10
A04740,2007,Adult,Male,Chinook,9/21/2007,780,Present,Landsburg,Dam,10
A04741,2007,Adult,Female,Chinook,9/21/2007,890,Present,Landsburg,Dam,10
A04742,2007,Adult,Male,Chinook,9/21/2007,900,Present,Landsburg,Dam,10
A04743,2007,Adult,Female,Chinook,9/21/2007,800,Present,Landsburg,Dam,10
A04744,2007,Adult,Male,Chinook,9/21/2007,670,Present,Landsburg,Dam,10
A04745,2007,Adult,Male,Chinook,9/21/2007,720,Present,Landsburg,Dam,10
A04746,2007,Adult,Male,Chinook,9/21/2007,790,Absent,Landsburg,Dam,10
A04747,2007,Adult,Female,Chinook,9/21/2007,900,Absent,Landsburg,Dam,10
A04748,2007,Adult,Male,Chinook,9/22/2007,790,Absent,Landsburg,Dam,10
A04749,2007,Adult,Male,Chinook,9/22/2007,840,Present,Landsburg,Dam,10
A04750,2007,Adult,Male,Chinook,9/22/2007,840,Absent,Landsburg,Dam,10
A04751,2007,Adult,Male,Chinook,9/22/2007,850,Present,Landsburg,Dam,10
A04752,2007,Adult,Male,Chinook,9/22/2007,790,Present,Landsburg,Dam,10
A04753,2007,Adult,Male,Chinook,9/22/2007,680,Present,Landsburg,Dam,10
A04754,2007,Adult,Male,Chinook,9/22/2007,810,Present,Landsburg,Dam,10
A04755,2007,Adult,Female,Chinook,9/22/2007,790,Present,Landsburg,Dam,10
A04756,2007,Adult,Male,Chinook,9/22/2007,910,Absent,Landsburg,Dam,10
A04757,2007,Adult,Male,Chinook,9/22/2007,790,Present,Landsburg,Dam,10
A04758,2007,Adult,Male,Chinook,9/22/2007,680,Present,Landsburg,Dam,10
A04759,2007,Adult,Male,Chinook,9/22/2007,710,Present,Landsburg,Dam,10
A04760,2007,Adult,Male,Chinook,9/22/2007,780,Absent,Landsburg,Dam,10
A04761,2007,Adult,Male,Chinook,9/22/2007,570,Present,Landsburg,Dam,10
A04762,2007,Adult,Male,Chinook,9/22/2007,730,Present,Landsburg,Dam,10
A04763,2007,Adult,Female,Chinook,9/22/2007,800,Present,Landsburg,Dam,10
A04764,2007,Adult,Male,Chinook,9/22/2007,690,Present,Landsburg,Dam,10
A04765,2007,Adult,Male,Chinook,9/22/2007,870,Present,Landsburg,Dam,10
A04766,2007,Adult,Female,Chinook,9/22/2007,770,Absent,Landsburg,Dam,10
A04767,2007,Adult,Male,Chinook,9/22/2007,670,Present,Landsburg,Dam,10
A04768,2007,Adult,Male,Chinook,9/23/2007,900,Present,Landsburg,Dam,9
A04769,2007,Adult,Male,Chinook,9/23/2007,780,Present,Landsburg,Dam,10
A04770,2007,Adult,Male,Chinook,9/23/2007,920,Present,Landsburg,Dam,10
A04771,2007,Adult,Male,Chinook,9/23/2007,810,Present,Landsburg,Dam,10
A04772,2007,Adult,Male,Chinook,9/23/2007,760,Absent,Landsburg,Dam,10
A04773,2007,Adult,Male,Chinook,9/23/2007,970,Present,Landsburg,Dam,10
A04774,2007,Adult,Male,Chinook,9/23/2007,890,Present,Landsburg,Dam,10
A04775,2007,Adult,Male,Chinook,9/23/2007,740,Present,Landsburg,Dam,10
A04776,2007,Adult,Male,Chinook,9/23/2007,830,Present,Landsburg,Dam,10
A04777,2007,Adult,Male,Chinook,9/23/2007,730,Absent,Landsburg,Dam,10
A04778,2007,Adult,Female,Chinook,9/23/2007,820,Present,Landsburg,Dam,10
A04779,2007,Adult,Female,Chinook,9/23/2007,790,Present,Landsburg,Dam,10
A04780,2007,Adult,Male,Chinook,9/23/2007,910,Present,Landsburg,Dam,10
A04781,2007,Adult,Female,Chinook,9/23/2007,770,Present,Landsburg,Dam,10
A04782,2007,Adult,Male,Chinook,9/23/2007,920,Present,Landsburg,Dam,10
A04783,2007,Adult,Male,Chinook,9/23/2007,770,Present,Landsburg,Dam,10
A04784,2007,Adult,Female,Chinook,9/23/2007,930,Present,Landsburg,Dam,10
A04785,2007,Adult,Male,Chinook,9/23/2007,810,Present,Landsburg,Dam,10
A04786,2007,Adult,Male,Chinook,9/23/2007,780,Present,Landsburg,Dam,10
A04787,2007,Adult,Male,Chinook,9/23/2007,800,Absent,Landsburg,Dam,10
A04788,2007,Adult,Male,Chinook,9/23/2007,840,Present,Landsburg,Dam,10
A04789,2007,Adult,Female,Chinook,9/23/2007,790,Present,Landsburg,Dam,10
A04790,2007,Adult,Female,Chinook,9/23/2007,710,Absent,Landsburg,Dam,10
A04791,2007,Adult,Male,Chinook,9/24/2007,800,Present,Landsburg,Dam,10
A04792,2007,Adult,Female,Chinook,9/24/2007,950,Present,Landsburg,Dam,10
A04793,2007,Adult,Male,Chinook,9/24/2007,870,Absent,Landsburg,Dam,10
A04794,2007,Adult,Male,Chinook,9/24/2007,780,Present,Landsburg,Dam,10
A04795,2007,Adult,Male,Chinook,9/24/2007,810,Present,Landsburg,Dam,10
A04796,2007,Adult,Female,Chinook,9/24/2007,860,Present,Landsburg,Dam,10
A04797,2007,Adult,Male,Chinook,9/24/2007,820,Present,Landsburg,Dam,9
A04798,2007,Adult,Male,Chinook,9/24/2007,900,Present,Landsburg,Dam,10
A04799,2007,Adult,Male,Chinook,9/24/2007,880,Present,Landsburg,Dam,10
A04800,2007,Adult,Male,Chinook,9/24/2007,620,Present,Landsburg,Dam,10
A04801,2007,Adult,Male,Chinook,9/24/2007,780,Present,Landsburg,Dam,10
A04802,2007,Adult,Female,Chinook,9/24/2007,710,Present,Landsburg,Dam,10
A04803,2007,Adult,Male,Chinook,9/24/2007,930,Present,Landsburg,Dam,10
A04805,2007,Adult,Male,Chinook,9/25/2007,790,Present,Landsburg,Dam,10
A04806,2007,Adult,Male,Chinook,9/25/2007,810,Absent,Landsburg,Dam,10
A04807,2007,Adult,Female,Chinook,9/25/2007,810,Present,Landsburg,Dam,10
A04808,2007,Adult,Male,Chinook,9/25/2007,960,Present,Landsburg,Dam,9
A04809,2007,Adult,Male,Chinook,9/25/2007,770,Present,Landsburg,Dam,10
A04810,2007,Adult,Female,Chinook,9/25/2007,820,Present,Landsburg,Dam,10
A04811,2007,Adult,Female,Chinook,9/25/2007,840,Present,Landsburg,Dam,10
A04812,2007,Adult,Female,Chinook,9/25/2007,850,Absent,Landsburg,Dam,10
A04813,2007,Adult,Male,Chinook,9/25/2007,740,Present,Landsburg,Dam,10
A04814,2007,Adult,Male,Chinook,9/25/2007,560,Present,Landsburg,Dam,10
A04815,2007,Adult,Male,Chinook,9/25/2007,460,Absent,Landsburg,Dam,10
A04816,2007,Adult,Male,Chinook,9/25/2007,700,Absent,Landsburg,Dam,10
A04817,2007,Adult,Male,Chinook,9/25/2007,830,Present,Landsburg,Dam,10
A04818,2007,Adult,Male,Chinook,9/25/2007,850,Absent,Landsburg,Dam,10
A04819,2007,Adult,Male,Chinook,9/25/2007,840,Present,Landsburg,Dam,9
A04820,2007,Adult,Male,Chinook,9/25/2007,900,Present,Landsburg,Dam,10
A04821,2007,Adult,Male,Chinook,9/26/2007,870,Present,Landsburg,Dam,10
A04822,2007,Adult,Male,Chinook,9/26/2007,740,Present,Landsburg,Dam,10
A04823,2007,Adult,Female,Chinook,9/26/2007,790,Absent,Landsburg,Dam,10
A04824,2007,Adult,Male,Chinook,9/26/2007,790,Absent,Landsburg,Dam,10
A04825,2007,Adult,Female,Chinook,9/26/2007,800,Present,Landsburg,Dam,10
A04826,2007,Adult,Male,Chinook,9/26/2007,880,Absent,Landsburg,Dam,10
A04827,2007,Adult,Male,Chinook,9/26/2007,570,Present,Landsburg,Dam,10
A04828,2007,Adult,Female,Chinook,9/26/2007,740,Present,Landsburg,Dam,10
A04829,2007,Adult,Male,Chinook,9/26/2007,760,Present,Landsburg,Dam,10
A04830,2007,Adult,Male,Chinook,9/26/2007,830,Present,Landsburg,Dam,10
A04831,2007,Adult,Female,Chinook,9/26/2007,780,Present,Landsburg,Dam,10
A04832,2007,Adult,Male,Chinook,9/27/2007,720,Present,Landsburg,Dam,10
A04833,2007,Adult,Male,Chinook,9/27/2007,770,Absent,Landsburg,Dam,10
A04834,2007,Adult,Male,Chinook,9/27/2007,750,Present,Landsburg,Dam,10
A04835,2007,Adult,Male,Chinook,9/27/2007,1000,Present,Landsburg,Dam,10
A04836,2007,Adult,Female,Chinook,9/27/2007,840,Absent,Landsburg,Dam,10
A04837,2007,Adult,Male,Chinook,9/27/2007,840,Present,Landsburg,Dam,10
A04838,2007,Adult,Female,Chinook,9/27/2007,780,Absent,Landsburg,Dam,10
A04839,2007,Adult,Female,Chinook,9/27/2007,950,Present,Landsburg,Dam,9
A04840,2007,Adult,Male,Chinook,9/27/2007,860,Absent,Landsburg,Dam,10
A04841,2007,Adult,Male,Chinook,9/27/2007,940,Present,Landsburg,Dam,10
A04842,2007,Adult,Male,Chinook,9/27/2007,750,Present,Landsburg,Dam,9
A04843,2007,Adult,Male,Chinook,9/27/2007,760,Present,Landsburg,Dam,10
A04844,2007,Adult,Male,Chinook,9/27/2007,710,Present,Landsburg,Dam,10
A04845,2007,Adult,Male,Chinook,9/27/2007,790,Absent,Landsburg,Dam,10
A04846,2007,Adult,Female,Chinook,9/27/2007,770,Present,Landsburg,Dam,10
A04847,2007,Adult,Female,Chinook,9/27/2007,800,Present,Landsburg,Dam,10
A04848,2007,Adult,Male,Chinook,9/27/2007,910,Present,Landsburg,Dam,10
A04849,2007,Adult,Male,Chinook,9/27/2007,920,Present,Landsburg,Dam,9
A04850,2007,Adult,Male,Chinook,9/27/2007,880,Present,Landsburg,Dam,10
A04851,2007,Adult,Female,Chinook,9/27/2007,1000,Present,Landsburg,Dam,10
A04852,2007,Adult,Female,Chinook,9/27/2007,770,Present,Landsburg,Dam,10
A04853,2007,Adult,Male,Chinook,9/27/2007,690,Present,Landsburg,Dam,10
A04854,2007,Adult,Male,Chinook,9/28/2007,880,Present,Landsburg,Dam,10
A04855,2007,Adult,Male,Chinook,9/28/2007,830,Present,Landsburg,Dam,10
A04856,2007,Adult,Female,Chinook,9/28/2007,720,Present,Landsburg,Dam,10
A04857,2007,Adult,Male,Chinook,9/28/2007,750,Present,Landsburg,Dam,10
A04858,2007,Adult,Female,Chinook,9/28/2007,780,Present,Landsburg,Dam,10
A04859,2007,Adult,Female,Chinook,9/28/2007,940,Present,Landsburg,Dam,10
A04860,2007,Adult,Male,Chinook,9/28/2007,790,Absent,Landsburg,Dam,10
A04861,2007,Adult,Male,Chinook,9/28/2007,890,Present,Landsburg,Dam,10
A04862,2007,Adult,Male,Chinook,9/28/2007,680,Present,Landsburg,Dam,10
A04863,2007,Adult,Male,Chinook,9/28/2007,780,Present,Landsburg,Dam,10
A04864,2007,Adult,Male,Chinook,9/28/2007,750,Present,Landsburg,Dam,10
A04865,2007,Adult,Female,Chinook,9/28/2007,770,Present,Landsburg,Dam,10
A04866,2007,Adult,Male,Chinook,9/28/2007,760,Absent,Landsburg,Dam,9
A04867,2007,Adult,Female,Chinook,9/28/2007,820,Absent,Landsburg,Dam,10
A04868,2007,Adult,Male,Chinook,9/28/2007,840,Present,Landsburg,Dam,10
A04869,2007,Adult,Male,Chinook,9/28/2007,720,Absent,Landsburg,Dam,10
A04870,2007,Adult,Male,Chinook,9/28/2007,940,Present,Landsburg,Dam,10
A04871,2007,Adult,Male,Chinook,9/28/2007,850,Present,Landsburg,Dam,9
A04872,2007,Adult,Male,Chinook,9/28/2007,830,Present,Landsburg,Dam,10
A04873,2007,Adult,Male,Chinook,9/28/2007,700,Present,Landsburg,Dam,10
A04874,2007,Adult,Male,Chinook,9/28/2007,720,Present,Landsburg,Dam,10
A04875,2007,Adult,Male,Chinook,9/28/2007,920,Present,Landsburg,Dam,10
A04876,2007,Adult,Male,Chinook,9/28/2007,780,Present,Landsburg,Dam,10
A04877,2007,Adult,Female,Chinook,9/28/2007,1010,Present,Landsburg,Dam,10
A04878,2007,Adult,Female,Chinook,9/28/2007,780,Present,Landsburg,Dam,10
A04879,2007,Adult,Female,Chinook,9/28/2007,750,Present,Landsburg,Dam,10
A04880,2007,Adult,Male,Chinook,9/29/2007,830,Present,Landsburg,Dam,10
A04881,2007,Adult,Male,Chinook,9/29/2007,760,Present,Landsburg,Dam,10
A04882,2007,Adult,Male,Chinook,9/29/2007,870,Absent,Landsburg,Dam,10
A04883,2007,Adult,Male,Chinook,9/29/2007,890,Present,Landsburg,Dam,10
A04884,2007,Adult,Female,Chinook,9/29/2007,710,Present,Landsburg,Dam,10
A04885,2007,Adult,Male,Chinook,9/29/2007,890,Present,Landsburg,Dam,10
A04886,2007,Adult,Female,Chinook,9/29/2007,810,Present,Landsburg,Dam,10
A04887,2007,Adult,Male,Chinook,9/30/2007,920,Present,Landsburg,Dam,10
A04888,2007,Adult,Male,Chinook,9/30/2007,1010,Absent,Landsburg,Dam,10
A04889,2007,Adult,Female,Chinook,9/30/2007,920,Present,Landsburg,Dam,10
A04890,2007,Adult,Male,Chinook,9/30/2007,770,Present,Landsburg,Dam,9
A04891,2007,Adult,Male,Chinook,9/30/2007,820,Absent,Landsburg,Dam,10
A04892,2007,Adult,Male,Chinook,9/30/2007,780,Present,Landsburg,Dam,10
A04893,2007,Adult,Male,Chinook,9/30/2007,870,Present,Landsburg,Dam,9
A04894,2007,Adult,Male,Chinook,9/30/2007,770,Present,Landsburg,Dam,10
A04895,2007,Adult,Male,Chinook,9/30/2007,730,Present,Landsburg,Dam,10
A04896,2007,Adult,Male,Chinook,9/30/2007,750,Present,Landsburg,Dam,10
A04897,2007,Adult,Female,Chinook,9/30/2007,720,Absent,Landsburg,Dam,10
A04898,2007,Adult,Male,Chinook,9/30/2007,970,Present,Landsburg,Dam,10
A04899,2007,Adult,Male,Chinook,9/30/2007,810,Present,Landsburg,Dam,10
A04900,2007,Adult,Female,Chinook,9/30/2007,720,Present,Landsburg,Dam,10
A04901,2007,Adult,Male,Chinook,9/30/2007,820,Present,Landsburg,Dam,10
A04902,2007,Adult,Male,Chinook,9/30/2007,830,Present,Landsburg,Dam,10
A04903,2007,Adult,Female,Chinook,9/30/2007,900,Present,Landsburg,Dam,10
A04904,2007,Adult,Female,Chinook,9/30/2007,740,Present,Landsburg,Dam,10
A04905,2007,Adult,Male,Chinook,9/30/2007,800,Present,Landsburg,Dam,10
A04906,2007,Adult,Male,Chinook,9/30/2007,770,Present,Landsburg,Dam,10
A04907,2007,Adult,Male,Chinook,10/1/2007,790,Absent,Landsburg,Dam,10
A04908,2007,Adult,Male,Chinook,10/1/2007,850,Present,Landsburg,Dam,10
A04909,2007,Adult,Male,Chinook,10/1/2007,740,Absent,Landsburg,Dam,10
A04910,2007,Adult,Male,Chinook,10/1/2007,820,Absent,Landsburg,Dam,10
A04911,2007,Adult,Male,Chinook,10/1/2007,800,Present,Landsburg,Dam,10
A04912,2007,Adult,Male,Chinook,10/1/2007,780,Present,Landsburg,Dam,10
A04913,2007,Adult,Male,Chinook,10/1/2007,800,Absent,Landsburg,Dam,10
A04914,2007,Adult,Male,Chinook,10/1/2007,790,Present,Landsburg,Dam,10
A04915,2007,Adult,Male,Chinook,10/1/2007,800,Present,Landsburg,Dam,10
A04916,2007,Adult,Female,Chinook,10/1/2007,950,Present,Landsburg,Dam,10
A04917,2007,Adult,Female,Chinook,10/1/2007,930,Present,Landsburg,Dam,10
A04918,2007,Adult,Female,Chinook,10/1/2007,800,Present,Landsburg,Dam,10
A04919,2007,Adult,Male,Chinook,10/1/2007,880,Present,Landsburg,Dam,10
A04920,2007,Adult,Female,Chinook,10/1/2007,790,Present,Landsburg,Dam,10
A04921,2007,Adult,Male,Chinook,10/1/2007,810,Absent,Landsburg,Dam,10
A04922,2007,Adult,Female,Chinook,10/1/2007,980,Present,Landsburg,Dam,9
A04923,2007,Adult,Female,Chinook,10/1/2007,910,Present,Landsburg,Dam,10
A04924,2007,Adult,Male,Chinook,10/1/2007,800,Present,Landsburg,Dam,10
A04925,2007,Adult,Female,Chinook,10/1/2007,900,Present,Landsburg,Dam,10
A04926,2007,Adult,Male,Chinook,10/1/2007,740,Present,Landsburg,Dam,10
A04927,2007,Adult,Male,Chinook,10/1/2007,750,Present,Landsburg,Dam,10
A04928,2007,Adult,Male,Chinook,10/1/2007,910,Present,Landsburg,Dam,10
A04929,2007,Adult,Male,Chinook,10/1/2007,920,Absent,Landsburg,Dam,10
A04930,2007,Adult,Male,Chinook,10/1/2007,900,Present,Landsburg,Dam,10
A04931,2007,Adult,Male,Chinook,10/1/2007,870,Present,Landsburg,Dam,10
A04932,2007,Adult,Male,Chinook,10/1/2007,770,Present,Landsburg,Dam,10
A04933,2007,Adult,Female,Chinook,10/1/2007,810,Present,Landsburg,Dam,10
A04934,2007,Adult,Male,Chinook,10/1/2007,795,Present,Landsburg,Dam,10
A04935,2007,Adult,Male,Chinook,10/1/2007,720,Present,Landsburg,Dam,10
A04936,2007,Adult,Male,Chinook,10/1/2007,590,Absent,Landsburg,Dam,10
A04940,2007,Adult,Female,Chinook,10/1/2007,710,Present,Landsburg,Dam,9
A04941,2007,Adult,Male,Chinook,10/1/2007,650,Absent,Landsburg,Dam,10
A04942,2007,Adult,Female,Chinook,10/1/2007,710,Present,Landsburg,Dam,10
A04943,2007,Adult,Female,Chinook,10/2/2007,730,Present,Landsburg,Dam,10
A04945,2007,Adult,Male,Chinook,10/2/2007,590,Present,Landsburg,Dam,10
A04946,2007,Adult,Male,Chinook,10/2/2007,890,Present,Landsburg,Dam,9
A04947,2007,Adult,Male,Chinook,10/2/2007,650,Absent,Landsburg,Dam,10
A04948,2007,Adult,Male,Chinook,10/2/2007,760,Present,Landsburg,Dam,10
A04949,2007,Adult,Male,Chinook,10/2/2007,950,Present,Landsburg,Dam,10
A04950,2007,Adult,Female,Chinook,10/2/2007,730,Absent,Landsburg,Dam,10
A04951,2007,Adult,Male,Chinook,10/2/2007,500,Present,Landsburg,Dam,10
A04952,2007,Adult,Male,Chinook,10/2/2007,810,Absent,Landsburg,Dam,10
A04953,2007,Adult,Male,Chinook,10/2/2007,810,Absent,Landsburg,Dam,10
A04954,2007,Adult,Male,Chinook,10/2/2007,900,Present,Landsburg,Dam,10
A04955,2007,Adult,Male,Chinook,10/2/2007,780,Absent,Landsburg,Dam,10
A04956,2007,Adult,Male,Chinook,10/2/2007,850,Present,Landsburg,Dam,10
A04957,2007,Adult,Male,Chinook,10/2/2007,870,Present,Landsburg,Dam,10
A04958,2007,Adult,Male,Chinook,10/2/2007,830,Absent,Landsburg,Dam,10
A04959,2007,Adult,Female,Chinook,10/2/2007,790,Absent,Landsburg,Dam,9
A04960,2007,Adult,Male,Chinook,10/2/2007,830,Present,Landsburg,Dam,10
A04962,2007,Adult,Female,Chinook,10/3/2007,930,Present,Landsburg,Dam,10
A04963,2007,Adult,Female,Chinook,10/3/2007,860,Present,Landsburg,Dam,10
A04964,2007,Adult,Male,Chinook,10/3/2007,890,Present,Landsburg,Dam,10
A04965,2007,Adult,Male,Chinook,10/3/2007,730,Present,Landsburg,Dam,10
A04966,2007,Adult,Male,Chinook,10/3/2007,760,Present,Landsburg,Dam,10
A04967,2007,Adult,Female,Chinook,10/3/2007,810,Present,Landsburg,Dam,10
A04968,2007,Adult,Male,Chinook,10/3/2007,750,Present,Landsburg,Dam,10
A04969,2007,Adult,Male,Chinook,10/3/2007,690,Present,Landsburg,Dam,10
A04970,2007,Adult,Male,Chinook,10/3/2007,920,Present,Landsburg,Dam,10
A04971,2007,Adult,Male,Chinook,10/3/2007,740,Absent,Landsburg,Dam,10
A04972,2007,Adult,Male,Chinook,10/3/2007,820,Present,Landsburg,Dam,10
A04974,2007,Adult,Male,Chinook,10/3/2007,750,Present,Landsburg,Dam,9
A04975,2007,Adult,Male,Chinook,10/3/2007,810,Present,Landsburg,Dam,10
A04976,2007,Adult,Male,Chinook,10/3/2007,910,Present,Landsburg,Dam,8
A04977,2007,Adult,Male,Chinook,10/3/2007,800,Present,Landsburg,Dam,10
A04979,2007,Adult,Male,Chinook,10/3/2007,780,Present,Landsburg,Dam,10
A04980,2007,Adult,Female,Chinook,10/3/2007,770,Absent,Landsburg,Dam,10
A04981,2007,Adult,Female,Chinook,10/4/2007,860,Present,Landsburg,Dam,10
A04982,2007,Adult,Male,Chinook,10/4/2007,860,Absent,Landsburg,Dam,10
A04983,2007,Adult,Male,Chinook,10/4/2007,840,Present,Landsburg,Dam,10
A04984,2007,Adult,Male,Chinook,10/4/2007,780,Present,Landsburg,Dam,10
A04985,2007,Adult,Male,Chinook,10/4/2007,840,Present,Landsburg,Dam,10
A04986,2007,Adult,Male,Chinook,10/4/2007,770,Present,Landsburg,Dam,10
A04987,2007,Adult,Female,Chinook,10/4/2007,840,Present,Landsburg,Dam,10
A04989,2007,Adult,Male,Chinook,10/4/2007,800,Present,Landsburg,Dam,10
A04990,2007,Adult,Female,Chinook,10/4/2007,760,Present,Landsburg,Dam,10
A04991,2007,Adult,Male,Chinook,10/4/2007,760,Present,Landsburg,Dam,10
A04992,2007,Adult,Male,Chinook,10/4/2007,980,Present,Landsburg,Dam,10
A04993,2007,Adult,Male,Chinook,10/4/2007,830,Absent,Landsburg,Dam,9
A04994,2007,Adult,Male,Chinook,10/4/2007,820,Present,Landsburg,Dam,10
A04995,2007,Adult,Male,Chinook,10/4/2007,800,Present,Landsburg,Dam,10
A04996,2007,Adult,Male,Chinook,10/4/2007,900,Present,Landsburg,Dam,10
A04997,2007,Adult,Male,Chinook,10/4/2007,830,Absent,Landsburg,Dam,10
A04999,2007,Adult,Male,Chinook,10/4/2007,840,Present,Landsburg,Dam,10
A05001,2007,Adult,Male,Chinook,10/4/2007,760,Absent,Landsburg,Dam,10
A05002,2007,Adult,Male,Chinook,10/4/2007,770,Present,Landsburg,Dam,10
A05003,2007,Adult,Male,Chinook,10/4/2007,770,Absent,Landsburg,Dam,10
A05004,2007,Adult,Male,Chinook,10/4/2007,810,Present,Landsburg,Dam,10
A05005,2007,Adult,Male,Chinook,10/4/2007,730,Present,Landsburg,Dam,10
A05006,2007,Adult,Male,Chinook,10/4/2007,850,Present,Landsburg,Dam,10
A05007,2007,Adult,Male,Chinook,10/4/2007,880,Absent,Landsburg,Dam,10
A05008,2007,Adult,Female,Chinook,10/4/2007,910,Present,Landsburg,Dam,9
A05009,2007,Adult,Female,Chinook,10/4/2007,790,Present,Landsburg,Dam,10
A05010,2007,Adult,Female,Chinook,10/4/2007,920,Present,Landsburg,Dam,10
A05011,2007,Adult,Male,Chinook,10/4/2007,750,Absent,Landsburg,Dam,10
A05012,2007,Adult,Female,Chinook,10/4/2007,740,Absent,Landsburg,Dam,10
A05013,2007,Adult,Male,Chinook,10/4/2007,830,Present,Landsburg,Dam,10
A05014,2007,Adult,Male,Chinook,10/5/2007,870,Present,Landsburg,Dam,10
A05015,2007,Adult,Female,Chinook,10/5/2007,830,Absent,Landsburg,Dam,10
A05016,2007,Adult,Male,Chinook,10/5/2007,830,Present,Landsburg,Dam,10
A05017,2007,Adult,Male,Chinook,10/5/2007,840,Absent,Landsburg,Dam,10
A05018,2007,Adult,Male,Chinook,10/5/2007,770,Present,Landsburg,Dam,10
A05019,2007,Adult,Female,Chinook,10/5/2007,740,Present,Landsburg,Dam,10
A05020,2007,Adult,Male,Chinook,10/5/2007,810,Absent,Landsburg,Dam,10
A05021,2007,Adult,Male,Chinook,10/6/2007,910,Absent,Landsburg,Dam,10
A05022,2007,Adult,Male,Chinook,10/6/2007,720,Present,Landsburg,Dam,10
A05023,2007,Adult,Male,Chinook,10/6/2007,830,Present,Landsburg,Dam,10
A05024,2007,Adult,Male,Chinook,10/6/2007,720,Absent,Landsburg,Dam,10
A05025,2007,Adult,Female,Chinook,10/6/2007,810,Absent,Landsburg,Dam,10
A05026,2007,Adult,Female,Chinook,10/6/2007,850,Present,Landsburg,Dam,10
A05027,2007,Adult,Male,Chinook,10/6/2007,830,Present,Landsburg,Dam,10
A05028,2007,Adult,Male,Chinook,10/6/2007,870,Present,Landsburg,Dam,10
A05029,2007,Adult,Male,Chinook,10/6/2007,860,Present,Landsburg,Dam,9
A05030,2007,Adult,Female,Chinook,10/6/2007,800,Absent,Landsburg,Dam,10
A05031,2007,Adult,Male,Chinook,10/6/2007,910,Present,Landsburg,Dam,10
A05032,2007,Adult,Female,Chinook,10/6/2007,880,Present,Landsburg,Dam,10
A05033,2007,Adult,Male,Chinook,10/6/2007,830,Absent,Landsburg,Dam,10
A05034,2007,Adult,Male,Chinook,10/6/2007,920,Present,Landsburg,Dam,10
A05035,2007,Adult,Male,Chinook,10/7/2007,790,Present,Landsburg,Dam,10
A05036,2007,Adult,Female,Chinook,10/7/2007,880,Present,Landsburg,Dam,10
A05037,2007,Adult,Female,Chinook,10/7/2007,900,Present,Landsburg,Dam,9
A05038,2007,Adult,Female,Chinook,10/7/2007,720,Present,Landsburg,Dam,10
A05039,2007,Adult,Male,Chinook,10/7/2007,720,Present,Landsburg,Dam,10
A05041,2007,Adult,Male,Chinook,10/7/2007,850,Present,Landsburg,Dam,10
A05042,2007,Adult,Male,Chinook,10/7/2007,950,Present,Landsburg,Dam,10
A05043,2007,Adult,Male,Chinook,10/7/2007,570,Absent,Landsburg,Dam,10
A05044,2007,Adult,Female,Chinook,10/7/2007,840,Absent,Landsburg,Dam,10
A05045,2007,Adult,Male,Chinook,10/7/2007,820,Absent,Landsburg,Dam,10
A05046,2007,Adult,Male,Chinook,10/7/2007,740,Absent,Landsburg,Dam,10
A05047,2007,Adult,Male,Chinook,10/8/2007,710,Present,Landsburg,Dam,10
A05048,2007,Adult,Female,Chinook,10/8/2007,730,Present,Landsburg,Dam,10
A05050,2007,Adult,Male,Chinook,10/8/2007,570,Absent,Landsburg,Dam,10
A05051,2007,Adult,Male,Chinook,10/8/2007,860,Absent,Landsburg,Dam,10
A05052,2007,Adult,Male,Chinook,10/8/2007,830,Present,Landsburg,Dam,10
A05053,2007,Adult,Male,Chinook,10/8/2007,870,Present,Landsburg,Dam,10
A05054,2007,Adult,Female,Chinook,10/8/2007,910,Present,Landsburg,Dam,10
A05055,2007,Adult,Male,Chinook,10/8/2007,840,Absent,Landsburg,Dam,10
A05056,2007,Adult,Male,Chinook,10/8/2007,560,Absent,Landsburg,Dam,10
A05057,2007,Adult,Male,Chinook,10/9/2007,830,Present,Landsburg,Dam,9
A05058,2007,Adult,Male,Chinook,10/9/2007,860,Absent,Landsburg,Dam,10
A05059,2007,Adult,Male,Chinook,10/9/2007,690,Present,Landsburg,Dam,10
A05060,2007,Adult,Male,Chinook,10/9/2007,890,Absent,Landsburg,Dam,10
A05061,2007,Adult,Female,Chinook,10/9/2007,830,Present,Landsburg,Dam,10
A05065,2007,Adult,Male,Chinook,10/9/2007,840,Absent,Landsburg,Dam,10
A05066,2007,Adult,Male,Chinook,10/9/2007,840,Present,Landsburg,Dam,10
A05067,2007,Adult,Male,Chinook,10/9/2007,850,Present,Landsburg,Dam,10
A05068,2007,Adult,Male,Chinook,10/9/2007,840,Present,Landsburg,Dam,10
A05069,2007,Adult,Female,Chinook,10/9/2007,800,Present,Landsburg,Dam,10
A05070,2007,Adult,Male,Chinook,10/9/2007,660,Present,Landsburg,Dam,10
A05071,2007,Adult,Male,Chinook,10/9/2007,860,Present,Landsburg,Dam,10
A05072,2007,Adult,Male,Chinook,10/9/2007,490,Absent,Landsburg,Dam,10
A05073,2007,Adult,Male,Chinook,10/9/2007,590,Absent,Landsburg,Dam,10
A05074,2007,Adult,Female,Chinook,10/9/2007,920,Present,Landsburg,Dam,10
A05075,2007,Adult,Male,Chinook,10/10/2007,790,Present,Landsburg,Dam,10
A05076,2007,Adult,Male,Chinook,10/10/2007,750,Absent,Landsburg,Dam,10
A05077,2007,Adult,Male,Chinook,10/10/2007,760,Absent,Landsburg,Dam,10
A05078,2007,Adult,Male,Chinook,10/10/2007,470,Present,Landsburg,Dam,10
A05081,2007,Adult,Male,Chinook,10/11/2007,830,Present,Landsburg,Dam,10
A05082,2007,Adult,Female,Chinook,10/11/2007,890,Present,Landsburg,Dam,10
A05083,2007,Adult,Male,Chinook,10/11/2007,970,Present,Landsburg,Dam,10
A05085,2007,Adult,Male,Chinook,10/11/2007,790,Present,Landsburg,Dam,10
A05086,2007,Adult,Male,Chinook,10/11/2007,1020,Present,Landsburg,Dam,10
A05087,2007,Adult,Female,Chinook,10/12/2007,760,Present,Landsburg,Dam,10
A05088,2007,Adult,Female,Chinook,10/12/2007,810,Present,Landsburg,Dam,10
A05089,2007,Adult,Male,Chinook,10/12/2007,760,Present,Landsburg,Dam,10
A05090,2007,Adult,Male,Chinook,10/12/2007,730,Present,Landsburg,Dam,10
A05091,2007,Adult,Female,Chinook,10/12/2007,720,Present,Landsburg,Dam,10
A05092,2007,Adult,Male,Chinook,10/12/2007,980,Present,Landsburg,Dam,10
A05093,2007,Adult,Male,Chinook,10/13/2007,560,Present,Landsburg,Dam,10
A05095,2007,Adult,Male,Chinook,10/15/2007,750,Present,Landsburg,Dam,10
A05096,2007,Adult,Male,Chinook,10/16/2007,840,Present,Landsburg,Dam,10
A05097,2007,Adult,Male,Chinook,10/16/2007,800,Present,Landsburg,Dam,10
A05099,2007,Adult,Female,Chinook,10/16/2007,710,Present,Landsburg,Dam,10
A05100,2007,Adult,Male,Chinook,10/16/2007,680,Present,Landsburg,Dam,10
A07002,2007,Adult,Male,Chinook,10/17/2007,480,Absent,Landsburg,Dam,10
A07003,2007,Adult,Male,Chinook,10/17/2007,970,Present,Landsburg,Dam,10
A07005,2007,Adult,Male,Chinook,10/21/2007,850,Absent,Landsburg,Dam,10
A07006,2007,Adult,Male,Chinook,10/21/2007,870,Present,Landsburg,Dam,10
A07007,2007,Adult,Male,Chinook,10/22/2007,380,Absent,Landsburg,Dam,7
A07008,2007,Adult,Male,Chinook,10/23/2007,920,Absent,Landsburg,Dam,10
A07009,2007,Adult,Male,Chinook,10/23/2007,720,Present,Landsburg,Dam,10
A07010,2007,Adult,Female,Chinook,10/23/2007,860,Absent,Landsburg,Dam,10
A07011,2007,Adult,Male,Chinook,10/23/2007,830,Absent,Landsburg,Dam,10
A07012,2007,Adult,Male,Chinook,10/27/2007,780,Present,Landsburg,Dam,9
A07013,2007,Adult,Male,Chinook,10/27/2007,800,Present,Landsburg,Dam,10
A07014,2007,Adult,Male,Chinook,10/27/2007,760,Absent,Landsburg,Dam,7
A07015,2007,Adult,Female,Chinook,10/27/2007,940,Absent,Landsburg,Dam,10
A07016,2007,Adult,Male,Chinook,10/27/2007,770,Present,Landsburg,Dam,10
A07017,2007,Adult,Male,Chinook,10/27/2007,820,Present,Landsburg,Dam,10
A07018,2007,Adult,Female,Chinook,10/27/2007,890,Present,Landsburg,Dam,10
A07019,2007,Adult,Male,Chinook,10/27/2007,790,Present,Landsburg,Dam,10
A07501,2008,Adult,Male,Chinook,9/3/2008,840,Present,Landsburg,Dam,10
A07502,2008,Adult,Male,Chinook,9/4/2008,780,Present,Landsburg,Dam,10
A07503,2008,Adult,Female,Chinook,9/11/2008,930,Present,Landsburg,Dam,10
A07504,2008,Adult,Male,Chinook,9/11/2008,860,Present,Landsburg,Dam,10
A07505,2008,Adult,Male,Chinook,9/12/2008,810,Present,Landsburg,Dam,10
A07506,2008,Adult,Male,Chinook,9/12/2008,720,Present,Landsburg,Dam,10
A07507,2008,Adult,Male,Chinook,9/12/2008,510,Present,Landsburg,Dam,10
A07508,2008,Adult,Female,Chinook,9/14/2008,790,Present,Landsburg,Dam,10
A07509,2008,Adult,Male,Chinook,9/14/2008,810,Present,Landsburg,Dam,9
A07510,2008,Adult,Male,Chinook,9/14/2008,960,Present,Landsburg,Dam,10
A07511,2008,Adult,Male,Chinook,9/14/2008,750,Present,Landsburg,Dam,10
A07512,2008,Adult,Male,Chinook,9/14/2008,680,Present,Landsburg,Dam,10
A07513,2008,Adult,Female,Chinook,9/14/2008,830,Present,Landsburg,Dam,10
A07514,2008,Adult,Male,Chinook,9/18/2008,770,Present,Landsburg,Dam,10
A07516,2008,Adult,Male,Chinook,9/18/2008,440,Present,Landsburg,Dam,10
A07517,2008,Adult,Female,Chinook,9/18/2008,830,Present,Landsburg,Dam,10
A07518,2008,Adult,Male,Chinook,9/21/2008,760,Present,Landsburg,Dam,10
A07519,2008,Adult,Male,Chinook,9/21/2008,820,Present,Landsburg,Dam,10
A07520,2008,Adult,Male,Chinook,9/21/2008,860,Present,Landsburg,Dam,10
A07521,2008,Adult,Male,Chinook,9/21/2008,890,Present,Landsburg,Dam,10
A07523,2008,Adult,Male,Chinook,9/21/2008,650,Present,Landsburg,Dam,10
A07524,2008,Adult,Male,Chinook,9/21/2008,810,Present,Landsburg,Dam,10
A07526,2008,Adult,Male,Chinook,9/21/2008,840,Present,Landsburg,Dam,10
A07527,2008,Adult,Male,Chinook,9/22/2008,920,Present,Landsburg,Dam,10
A07528,2008,Adult,Male,Chinook,9/22/2008,850,Present,Landsburg,Dam,10
A07529,2008,Adult,Male,Chinook,9/22/2008,520,Present,Landsburg,Dam,10
A07530,2008,Adult,Male,Chinook,9/22/2008,740,Present,Landsburg,Dam,10
A07531,2008,Adult,Female,Chinook,9/22/2008,890,Present,Landsburg,Dam,10
A07532,2008,Adult,Male,Chinook,9/22/2008,850,Present,Landsburg,Dam,10
A07533,2008,Adult,Male,Chinook,9/23/2008,460,Present,Landsburg,Dam,10
A07534,2008,Adult,Male,Chinook,9/23/2008,920,Present,Landsburg,Dam,10
A07535,2008,Adult,Male,Chinook,9/23/2008,760,Present,Landsburg,Dam,10
A07536,2008,Adult,Female,Chinook,9/23/2008,900,Present,Landsburg,Dam,10
A07537,2008,Adult,Male,Chinook,9/23/2008,880,Present,Landsburg,Dam,10
A07538,2008,Adult,Female,Chinook,9/23/2008,840,Present,Landsburg,Dam,10
A07539,2008,Adult,Male,Chinook,9/23/2008,770,Present,Landsburg,Dam,10
A07540,2008,Adult,Male,Chinook,9/23/2008,900,Present,Landsburg,Dam,10
A07541,2008,Adult,Male,Chinook,9/23/2008,840,Present,Landsburg,Dam,10
A07542,2008,Adult,Male,Chinook,9/23/2008,930,Present,Landsburg,Dam,10
A07543,2008,Adult,Male,Chinook,9/23/2008,890,Present,Landsburg,Dam,10
A07544,2008,Adult,Male,Chinook,9/23/2008,780,Present,Landsburg,Dam,10
A07545,2008,Adult,Male,Chinook,9/23/2008,960,Present,Landsburg,Dam,10
A07546,2008,Adult,Male,Chinook,9/23/2008,670,Present,Landsburg,Dam,10
A07547,2008,Adult,Male,Chinook,9/23/2008,750,Present,Landsburg,Dam,10
A07548,2008,Adult,Male,Chinook,9/23/2008,910,Present,Landsburg,Dam,10
A07549,2008,Adult,Female,Chinook,9/24/2008,860,Present,Landsburg,Dam,9
A07550,2008,Adult,Male,Chinook,9/24/2008,790,Present,Landsburg,Dam,10
A07551,2008,Adult,Male,Chinook,9/24/2008,740,Present,Landsburg,Dam,10
A07552,2008,Adult,Male,Chinook,9/25/2008,620,Absent,Landsburg,Dam,10
A07553,2008,Adult,Male,Chinook,9/25/2008,930,Present,Landsburg,Dam,10
A07554,2008,Adult,Male,Chinook,9/25/2008,850,Present,Landsburg,Dam,10
A07555,2008,Adult,Male,Chinook,9/25/2008,830,Absent,Landsburg,Dam,10
A07556,2008,Adult,Male,Chinook,9/25/2008,710,Present,Landsburg,Dam,10
A07557,2008,Adult,Female,Chinook,9/25/2008,910,Absent,Landsburg,Dam,10
A07558,2008,Adult,Male,Chinook,9/25/2008,820,Present,Landsburg,Dam,10
A07559,2008,Adult,Female,Chinook,9/25/2008,900,Present,Landsburg,Dam,10
A07560,2008,Adult,Female,Chinook,9/25/2008,750,Present,Landsburg,Dam,10
A07561,2008,Adult,Male,Chinook,9/25/2008,820,Present,Landsburg,Dam,10
A07562,2008,Adult,Female,Chinook,9/25/2008,870,Present,Landsburg,Dam,10
A07563,2008,Adult,Male,Chinook,9/25/2008,780,Present,Landsburg,Dam,10
A07564,2008,Adult,Female,Chinook,9/25/2008,840,Absent,Landsburg,Dam,10
A07565,2008,Adult,Male,Chinook,9/25/2008,1050,Present,Landsburg,Dam,10
A07566,2008,Adult,Male,Chinook,9/25/2008,880,Present,Landsburg,Dam,10
A07567,2008,Adult,Male,Chinook,9/25/2008,540,Present,Landsburg,Dam,10
A07568,2008,Adult,Male,Chinook,9/25/2008,860,Present,Landsburg,Dam,10
A07569,2008,Adult,Male,Chinook,9/25/2008,780,Present,Landsburg,Dam,10
A07570,2008,Adult,Female,Chinook,9/25/2008,930,Present,Landsburg,Dam,10
A07571,2008,Adult,Male,Chinook,9/25/2008,430,Present,Landsburg,Dam,9
A07572,2008,Adult,Male,Chinook,9/26/2008,890,Present,Landsburg,Dam,10
A07574,2008,Adult,Male,Chinook,9/26/2008,770,Present,Landsburg,Dam,10
A07575,2008,Adult,Male,Chinook,9/26/2008,900,Present,Landsburg,Dam,10
A07576,2008,Adult,Female,Chinook,9/26/2008,880,Present,Landsburg,Dam,10
A07577,2008,Adult,Female,Chinook,9/26/2008,910,Absent,Landsburg,Dam,10
A07579,2008,Adult,Male,Chinook,9/26/2008,870,Present,Landsburg,Dam,10
A07580,2008,Adult,Male,Chinook,9/26/2008,710,Present,Landsburg,Dam,10
A07581,2008,Adult,Female,Chinook,9/26/2008,900,Present,Landsburg,Dam,10
A07582,2008,Adult,Female,Chinook,9/26/2008,880,Present,Landsburg,Dam,10
A07583,2008,Adult,Male,Chinook,9/26/2008,740,Present,Landsburg,Dam,10
A07584,2008,Adult,Female,Chinook,9/27/2008,840,Present,Landsburg,Dam,10
A07585,2008,Adult,Female,Chinook,9/27/2008,860,Present,Landsburg,Dam,10
A07586,2008,Adult,Male,Chinook,9/27/2008,760,Present,Landsburg,Dam,10
A07587,2008,Adult,Male,Chinook,9/27/2008,740,Present,Landsburg,Dam,9
A07588,2008,Adult,Male,Chinook,9/27/2008,870,Present,Landsburg,Dam,10
A07589,2008,Adult,Female,Chinook,9/27/2008,790,Present,Landsburg,Dam,10
A07590,2008,Adult,Female,Chinook,9/27/2008,910,Absent,Landsburg,Dam,10
A07591,2008,Adult,Male,Chinook,9/29/2008,740,Present,Landsburg,Dam,10
A07592,2008,Adult,Male,Chinook,9/29/2008,440,Absent,Landsburg,Dam,10
A07593,2008,Adult,Female,Chinook,9/29/2008,930,Present,Landsburg,Dam,10
A07594,2008,Adult,Male,Chinook,9/29/2008,860,Present,Landsburg,Dam,10
A07595,2008,Adult,Male,Chinook,9/29/2008,770,Present,Landsburg,Dam,10
A07596,2008,Adult,Female,Chinook,9/29/2008,640,Absent,Landsburg,Dam,10
A07597,2008,Adult,Male,Chinook,9/29/2008,690,Present,Landsburg,Dam,10
A07598,2008,Adult,Male,Chinook,10/1/2008,840,Present,Landsburg,Dam,10
A07599,2008,Adult,Male,Chinook,10/1/2008,810,Present,Landsburg,Dam,10
A07600,2008,Adult,Male,Chinook,10/1/2008,760,Absent,Landsburg,Dam,10
A07601,2008,Adult,Male,Chinook,10/1/2008,800,Present,Landsburg,Dam,10
A07602,2008,Adult,Female,Chinook,10/1/2008,870,Present,Landsburg,Dam,9
A07603,2008,Adult,Male,Chinook,10/1/2008,450,Absent,Landsburg,Dam,10
A07604,2008,Adult,Male,Chinook,10/1/2008,830,Present,Landsburg,Dam,10
A07605,2008,Adult,Female,Chinook,10/1/2008,750,Present,Landsburg,Dam,9
A07606,2008,Adult,Female,Chinook,10/1/2008,770,Absent,Landsburg,Dam,10
A07607,2008,Adult,Female,Chinook,10/1/2008,920,Present,Landsburg,Dam,10
A07608,2008,Adult,Female,Chinook,10/1/2008,830,Absent,Landsburg,Dam,10
A07609,2008,Adult,Male,Chinook,10/1/2008,440,Absent,Landsburg,Dam,10
A07610,2008,Adult,Female,Chinook,10/1/2008,1010,Present,Landsburg,Dam,10
A07611,2008,Adult,Male,Chinook,10/3/2008,790,Present,Landsburg,Dam,10
A07612,2008,Adult,Male,Chinook,10/3/2008,450,Absent,Landsburg,Dam,10
A07613,2008,Adult,Female,Chinook,10/3/2008,890,Present,Landsburg,Dam,10
A07614,2008,Adult,Female,Chinook,10/3/2008,880,Present,Landsburg,Dam,9
A07615,2008,Adult,Male,Chinook,10/3/2008,810,Present,Landsburg,Dam,10
A07616,2008,Adult,Female,Chinook,10/3/2008,890,Absent,Landsburg,Dam,10
A07617,2008,Adult,Female,Chinook,10/3/2008,870,Present,Landsburg,Dam,10
A07618,2008,Adult,Male,Chinook,10/3/2008,780,Absent,Landsburg,Dam,10
A07619,2008,Adult,Female,Chinook,10/3/2008,580,Present,Landsburg,Dam,10
A07620,2008,Adult,Male,Chinook,10/3/2008,800,Present,Landsburg,Dam,10
A07622,2008,Adult,Male,Chinook,10/6/2008,750,Present,Landsburg,Dam,10
A07623,2008,Adult,Female,Chinook,10/6/2008,960,Present,Landsburg,Dam,10
A07624,2008,Adult,Male,Chinook,10/6/2008,1090,Present,Landsburg,Dam,10
A07625,2008,Adult,Female,Chinook,10/6/2008,910,Present,Landsburg,Dam,10
A07626,2008,Adult,Male,Chinook,10/6/2008,880,Present,Landsburg,Dam,10
A07628,2008,Adult,Male,Chinook,10/6/2008,860,Absent,Landsburg,Dam,10
A07629,2008,Adult,Female,Chinook,10/7/2008,920,Present,Landsburg,Dam,10
A07630,2008,Adult,Female,Chinook,10/7/2008,970,Present,Landsburg,Dam,10
A07631,2008,Adult,Male,Chinook,10/7/2008,910,Present,Landsburg,Dam,10
A07632,2008,Adult,Male,Chinook,10/8/2008,840,Absent,Landsburg,Dam,10
A07633,2008,Adult,Male,Chinook,10/8/2008,790,Present,Landsburg,Dam,10
A07634,2008,Adult,Female,Chinook,10/8/2008,910,Present,Landsburg,Dam,10
A07636,2008,Adult,Female,Chinook,10/8/2008,860,Present,Landsburg,Dam,10
A07637,2008,Adult,Female,Chinook,10/8/2008,750,Absent,Landsburg,Dam,10
A07640,2008,Adult,Male,Chinook,10/8/2008,800,Absent,Landsburg,Dam,10
A07642,2008,Adult,Male,Chinook,10/8/2008,780,Present,Landsburg,Dam,10
A07643,2008,Adult,Male,Chinook,10/8/2008,890,Present,Landsburg,Dam,10
A07646,2008,Adult,Male,Chinook,10/10/2008,840,Present,Landsburg,Dam,10
A07647,2008,Adult,Male,Chinook,10/10/2008,500,Present,Landsburg,Dam,10
A07648,2008,Adult,Female,Chinook,10/10/2008,950,Present,Landsburg,Dam,10
A07649,2008,Adult,Female,Chinook,10/12/2008,900,Present,Landsburg,Dam,9
A07650,2008,Adult,Female,Chinook,10/12/2008,840,Present,Landsburg,Dam,9
A07651,2008,Adult,Female,Chinook,10/13/2008,840,Absent,Landsburg,Dam,10
A07652,2008,Adult,Female,Chinook,10/15/2008,920,Present,Landsburg,Dam,10
A07654,2008,Adult,Female,Chinook,10/15/2008,950,Present,Landsburg,Dam,10
A07656,2008,Adult,Female,Chinook,10/19/2008,840,Absent,Landsburg,Dam,10
A07658,2008,Adult,Female,Chinook,10/20/2008,920,Present,Landsburg,Dam,10
A07665,2008,Adult,Male,Chinook,10/30/2008,370,Present,Landsburg,Dam,7
A07700,2008,Adult,Male,Chinook,11/8/2008,900,Absent,Landsburg,Dam,10
A07728,2008,Adult,Male,Chinook,11/10/2008,520,Absent,Landsburg,Dam,10
A07740,2008,Adult,Male,Chinook,11/11/2008,780,Absent,Landsburg,Dam,10
A08501,2009,Adult,Male,Chinook,9/9/2009,790,Present,Landsburg,Dam,10
A08502,2009,Adult,Male,Chinook,9/9/2009,900,Present,Landsburg,Dam,9
A08503,2009,Adult,Male,Chinook,9/9/2009,820,Present,Landsburg,Dam,10
A08504,2009,Adult,Male,Chinook,9/9/2009,830,Present,Landsburg,Dam,10
A08506,2009,Adult,Male,Chinook,9/9/2009,780,Present,Landsburg,Dam,10
A08507,2009,Adult,Male,Chinook,9/14/2009,630,Present,Landsburg,Dam,9
A08508,2009,Adult,Female,Chinook,9/15/2009,890,Present,Landsburg,Dam,9
A08509,2009,Adult,Female,Chinook,9/16/2009,770,Present,Landsburg,Dam,9
A08510,2009,Adult,Male,Chinook,9/16/2009,480,Present,Landsburg,Dam,9
A08511,2009,Adult,Female,Chinook,9/16/2009,880,Present,Landsburg,Dam,10
A08512,2009,Adult,Male,Chinook,9/16/2009,900,Present,Landsburg,Dam,10
A08513,2009,Adult,Male,Chinook,9/16/2009,900,Present,Landsburg,Dam,10
A08514,2009,Adult,Male,Chinook,9/16/2009,890,Present,Landsburg,Dam,10
A08515,2009,Adult,Male,Chinook,9/17/2009,460,Present,Landsburg,Dam,10
A08516,2009,Adult,Male,Chinook,9/17/2009,810,Absent,Landsburg,Dam,9
A08517,2009,Adult,Male,Chinook,9/18/2009,1000,Present,Landsburg,Dam,9
A08518,2009,Adult,Female,Chinook,9/18/2009,940,Present,Landsburg,Dam,10
A08519,2009,Adult,Male,Chinook,9/21/2009,540,Present,Landsburg,Dam,10
A08520,2009,Adult,Male,Chinook,9/21/2009,680,Present,Landsburg,Dam,10
A08521,2009,Adult,Male,Chinook,9/21/2009,850,Present,Landsburg,Dam,10
A08522,2009,Adult,Male,Chinook,9/21/2009,740,Present,Landsburg,Dam,9
A08523,2009,Adult,Female,Chinook,9/21/2009,940,Present,Landsburg,Dam,8
A08524,2009,Adult,Male,Chinook,9/22/2009,850,Present,Landsburg,Dam,10
A08526,2009,Adult,Male,Chinook,9/22/2009,860,Absent,Landsburg,Dam,10
A08527,2009,Adult,Male,Chinook,9/22/2009,570,Present,Landsburg,Dam,10
A08528,2009,Adult,Male,Chinook,9/23/2009,760,Absent,Landsburg,Dam,10
A08529,2009,Adult,Male,Chinook,9/23/2009,630,Present,Landsburg,Dam,10
A08530,2009,Adult,Female,Chinook,9/23/2009,620,Present,Landsburg,Dam,10
A08531,2009,Adult,Male,Chinook,9/23/2009,750,Present,Landsburg,Dam,10
A08532,2009,Adult,Male,Chinook,9/23/2009,810,Present,Landsburg,Dam,10
A08533,2009,Adult,Male,Chinook,9/23/2009,700,Present,Landsburg,Dam,9
A08534,2009,Adult,Male,Chinook,9/23/2009,770,Present,Landsburg,Dam,10
A08535,2009,Adult,Male,Chinook,9/23/2009,650,Absent,Landsburg,Dam,9
A08536,2009,Adult,Male,Chinook,9/23/2009,700,Present,Landsburg,Dam,9
A08537,2009,Adult,Male,Chinook,9/23/2009,780,Present,Landsburg,Dam,10
A08538,2009,Adult,Male,Chinook,9/23/2009,820,Present,Landsburg,Dam,10
A08539,2009,Adult,Male,Chinook,9/24/2009,710,Absent,Landsburg,Dam,10
A08540,2009,Adult,Male,Chinook,9/24/2009,770,Present,Landsburg,Dam,10
A08541,2009,Adult,Male,Chinook,9/24/2009,720,Absent,Landsburg,Dam,10
A08542,2009,Adult,Male,Chinook,9/24/2009,940,Present,Landsburg,Dam,10
A08543,2009,Adult,Male,Chinook,9/24/2009,1000,Present,Landsburg,Dam,9
A08544,2009,Adult,Male,Chinook,9/24/2009,770,Present,Landsburg,Dam,10
A08545,2009,Adult,Male,Chinook,9/24/2009,740,Absent,Landsburg,Dam,9
A08546,2009,Adult,Male,Chinook,9/24/2009,830,Present,Landsburg,Dam,9
A08547,2009,Adult,Male,Chinook,9/24/2009,770,Present,Landsburg,Dam,9
A08548,2009,Adult,Female,Chinook,9/25/2009,730,Present,Landsburg,Dam,9
A08549,2009,Adult,Male,Chinook,9/25/2009,580,Present,Landsburg,Dam,10
A08550,2009,Adult,Male,Chinook,9/25/2009,830,Present,Landsburg,Dam,10
A08551,2009,Adult,Male,Chinook,9/26/2009,860,Present,Landsburg,Dam,10
A08552,2009,Adult,Female,Chinook,9/26/2009,960,Present,Landsburg,Dam,9
A08553,2009,Adult,Male,Chinook,9/26/2009,770,Present,Landsburg,Dam,10
A08556,2009,Adult,Female,Chinook,9/28/2009,930,Absent,Landsburg,Dam,10
A08557,2009,Adult,Male,Chinook,9/28/2009,710,Present,Landsburg,Dam,10
A08558,2009,Adult,Male,Chinook,9/28/2009,510,Absent,Landsburg,Dam,9
A08559,2009,Adult,Male,Chinook,9/28/2009,680,Present,Landsburg,Dam,10
A08560,2009,Adult,Male,Chinook,9/28/2009,560,Absent,Landsburg,Dam,9
A08561,2009,Adult,Male,Chinook,9/28/2009,780,Present,Landsburg,Dam,9
A08562,2009,Adult,Male,Chinook,9/28/2009,980,Absent,Landsburg,Dam,10
A08563,2009,Adult,Male,Chinook,9/28/2009,700,Present,Landsburg,Dam,9
A08564,2009,Adult,Male,Chinook,9/28/2009,700,Present,Landsburg,Dam,10
A08565,2009,Adult,Female,Chinook,9/28/2009,650,Present,Landsburg,Dam,10
A08566,2009,Adult,Male,Chinook,9/28/2009,790,Present,Landsburg,Dam,9
A08567,2009,Adult,Female,Chinook,9/28/2009,900,Present,Landsburg,Dam,10
A08568,2009,Adult,Male,Chinook,9/29/2009,810,Absent,Landsburg,Dam,10
A08569,2009,Adult,Female,Chinook,9/29/2009,960,Present,Landsburg,Dam,10
A08570,2009,Adult,Male,Chinook,9/29/2009,840,Absent,Landsburg,Dam,10
A08571,2009,Adult,Male,Chinook,9/29/2009,580,Present,Landsburg,Dam,10
A08573,2009,Adult,Male,Chinook,9/30/2009,770,Absent,Landsburg,Dam,10
A08574,2009,Adult,Male,Chinook,9/30/2009,820,Present,Landsburg,Dam,9
A08575,2009,Adult,Male,Chinook,9/30/2009,600,Present,Landsburg,Dam,10
A08576,2009,Adult,Female,Chinook,9/30/2009,990,Present,Landsburg,Dam,10
A08577,2009,Adult,Male,Chinook,9/30/2009,940,Present,Landsburg,Dam,9
A08578,2009,Adult,Male,Chinook,9/30/2009,760,Absent,Landsburg,Dam,10
A08579,2009,Adult,Male,Chinook,9/30/2009,760,Absent,Landsburg,Dam,10
A08580,2009,Adult,Male,Chinook,9/30/2009,380,Absent,Landsburg,Dam,9
A08581,2009,Adult,Male,Chinook,10/1/2009,780,Present,Landsburg,Dam,10
A08582,2009,Adult,Male,Chinook,10/1/2009,730,Absent,Landsburg,Dam,9
A08583,2009,Adult,Male,Chinook,10/1/2009,740,Absent,Landsburg,Dam,10
A08584,2009,Adult,Male,Chinook,10/1/2009,810,Absent,Landsburg,Dam,10
A08585,2009,Adult,Male,Chinook,10/2/2009,980,Present,Landsburg,Dam,10
A08586,2009,Adult,Female,Chinook,10/2/2009,960,Present,Landsburg,Dam,10
A08587,2009,Adult,Male,Chinook,10/2/2009,930,Present,Landsburg,Dam,10
A08588,2009,Adult,Male,Chinook,10/2/2009,1030,Absent,Landsburg,Dam,10
A08589,2009,Adult,Male,Chinook,10/2/2009,720,Absent,Landsburg,Dam,10
A08590,2009,Adult,Male,Chinook,10/2/2009,810,Present,Landsburg,Dam,10
A08591,2009,Adult,Male,Chinook,10/2/2009,510,Present,Landsburg,Dam,10
A08592,2009,Adult,Male,Chinook,10/2/2009,720,Present,Landsburg,Dam,10
A08593,2009,Adult,Male,Chinook,10/2/2009,940,Present,Landsburg,Dam,9
A08594,2009,Adult,Male,Chinook,10/2/2009,780,Present,Landsburg,Dam,10
A08595,2009,Adult,Female,Chinook,10/2/2009,840,Present,Landsburg,Dam,10
A08596,2009,Adult,Female,Chinook,10/2/2009,900,Present,Landsburg,Dam,10
A08597,2009,Adult,Male,Chinook,10/3/2009,730,Absent,Landsburg,Dam,10
A08598,2009,Adult,Female,Chinook,10/3/2009,900,Present,Landsburg,Dam,10
A08599,2009,Adult,Male,Chinook,10/3/2009,770,Absent,Landsburg,Dam,10
A08600,2009,Adult,Male,Chinook,10/3/2009,770,Present,Landsburg,Dam,10
A08601,2009,Adult,Female,Chinook,10/3/2009,950,Present,Landsburg,Dam,10
A08602,2009,Adult,Male,Chinook,10/3/2009,980,Present,Landsburg,Dam,10
A08603,2009,Adult,Male,Chinook,10/3/2009,890,Absent,Landsburg,Dam,10
A08605,2009,Adult,Male,Chinook,10/5/2009,870,Present,Landsburg,Dam,9
A08606,2009,Adult,Female,Chinook,10/5/2009,910,Absent,Landsburg,Dam,10
A08607,2009,Adult,Male,Chinook,10/5/2009,740,Absent,Landsburg,Dam,10
A08608,2009,Adult,Female,Chinook,10/5/2009,930,Present,Landsburg,Dam,9
A08609,2009,Adult,Female,Chinook,10/5/2009,830,Present,Landsburg,Dam,9
A08610,2009,Adult,Male,Chinook,10/5/2009,620,Absent,Landsburg,Dam,10
A08611,2009,Adult,Male,Chinook,10/5/2009,800,Present,Landsburg,Dam,10
A08612,2009,Adult,Male,Chinook,10/5/2009,780,Present,Landsburg,Dam,10
A08613,2009,Adult,Male,Chinook,10/5/2009,800,Present,Landsburg,Dam,9
A08614,2009,Adult,Male,Chinook,10/5/2009,780,Present,Landsburg,Dam,10
A08615,2009,Adult,Male,Chinook,10/5/2009,770,Present,Landsburg,Dam,10
A08616,2009,Adult,Male,Chinook,10/6/2009,950,Present,Landsburg,Dam,9
A08617,2009,Adult,Female,Chinook,10/6/2009,870,Present,Landsburg,Dam,10
A08618,2009,Adult,Male,Chinook,10/7/2009,800,Absent,Landsburg,Dam,8
A08619,2009,Adult,Male,Chinook,10/7/2009,760,Present,Landsburg,Dam,10
A08620,2009,Adult,Female,Chinook,10/7/2009,1020,Present,Landsburg,Dam,9
A08621,2009,Adult,Female,Chinook,10/7/2009,950,Present,Landsburg,Dam,10
A08622,2009,Adult,Female,Chinook,10/7/2009,960,Present,Landsburg,Dam,10
A08623,2009,Adult,Male,Chinook,10/7/2009,790,Present,Landsburg,Dam,10
A08624,2009,Adult,Male,Chinook,10/8/2009,790,Present,Landsburg,Dam,9
A08625,2009,Adult,Male,Chinook,10/8/2009,740,Present,Landsburg,Dam,10
A08626,2009,Adult,Male,Chinook,10/8/2009,800,Present,Landsburg,Dam,10
A08627,2009,Adult,Male,Chinook,10/8/2009,750,Present,Landsburg,Dam,10
A08630,2009,Adult,Female,Chinook,10/9/2009,830,Absent,Landsburg,Dam,10
A08631,2009,Adult,Male,Chinook,10/9/2009,780,Absent,Landsburg,Dam,10
A08638,2009,Adult,Male,Chinook,10/10/2009,780,Absent,Landsburg,Dam,10
A08644,2009,Adult,Male,Chinook,10/15/2009,540,Absent,Landsburg,Dam,10
A08646,2009,Adult,Female,Chinook,10/15/2009,860,Absent,Landsburg,Dam,10
A08647,2009,Adult,Male,Chinook,10/15/2009,790,Absent,Landsburg,Dam,10
A08648,2009,Adult,Male,Chinook,10/16/2009,740,Absent,Landsburg,Dam,10
A08649,2009,Adult,Male,Chinook,10/16/2009,740,Present,Landsburg,Dam,10
A08653,2009,Adult,Female,Chinook,10/17/2009,780,Absent,Landsburg,Dam,10
A08654,2009,Adult,Male,Chinook,10/17/2009,640,Present,Landsburg,Dam,10
A08663,2009,Adult,Male,Chinook,10/17/2009,810,Present,Landsburg,Dam,10
A08669,2009,Adult,Male,Chinook,10/19/2009,530,Absent,Landsburg,Dam,10
A08672,2009,Adult,Female,Chinook,10/19/2009,780,Present,Landsburg,Dam,10
A08674,2009,Adult,Male,Chinook,10/19/2009,790,Absent,Landsburg,Dam,10
A08699,2009,Adult,Female,Chinook,10/19/2009,760,Absent,Landsburg,Dam,10
A08702,2009,Adult,Male,Chinook,10/20/2009,650,Absent,Landsburg,Dam,9
