"SpID","Site","Core","Abun"
32,1,"A",5
38,1,"A",2
46,1,"A",5
48,1,"A",1
103,1,"A",4
32,1,"B",3
46,1,"B",6
48,1,"B",1
103,1,"B",1
105,1,"B",2
1,1,"C",1
32,1,"C",5
38,1,"C",2
46,1,"C",11
48,1,"C",1
62,1,"C",1
76,1,"C",2
83,1,"C",1
102,1,"C",1
103,1,"C",2
105,1,"C",15
28,1,"D",2
32,1,"D",1
38,1,"D",3
46,1,"D",16
48,1,"D",3
105,1,"D",11
32,1,"E",7
46,1,"E",8
48,1,"E",2
76,1,"E",2
103,1,"E",2
105,1,"E",2
10,2,"A",1
32,2,"A",1
33,2,"A",1
46,2,"A",6
73,2,"A",2
103,2,"A",1
105,2,"A",1
10,2,"B",1
32,2,"B",1
46,2,"B",6
104,2,"B",1
10,2,"C",2
28,2,"C",1
32,2,"C",1
46,2,"C",8
73,2,"C",2
76,2,"C",1
10,2,"D",3
46,2,"D",11
73,2,"D",2
10,2,"E",2
32,2,"E",1
46,2,"E",4
73,2,"E",5
32,3,"A",2
46,3,"A",13
104,3,"A",2
30,3,"B",1
32,3,"B",1
46,3,"B",6
76,3,"B",6
103,3,"B",2
104,3,"B",4
32,3,"C",5
38,3,"C",1
46,3,"C",10
76,3,"C",4
103,3,"C",3
105,3,"C",4
32,3,"D",5
38,3,"D",1
46,3,"D",4
32,3,"E",3
46,3,"E",7
105,3,"E",1
28,4,"A",77
33,4,"A",5
38,4,"A",3
46,4,"A",9
103,4,"A",2
28,4,"B",84
32,4,"B",6
33,4,"B",3
38,4,"B",2
46,4,"B",8
105,4,"B",1
10,4,"C",8
28,4,"C",40
32,4,"C",2
33,4,"C",14
38,4,"C",2
46,4,"C",10
103,4,"C",1
28,4,"D",99
32,4,"D",1
33,4,"D",1
46,4,"D",8
83,4,"D",1
84,4,"D",1
103,4,"D",2
26,4,"E",34
32,4,"E",3
33,4,"E",1
38,4,"E",1
46,4,"E",6
10,5,"A",1
32,5,"A",5
33,5,"A",1
46,5,"A",3
48,5,"A",4
76,5,"A",12
83,5,"A",2
97,5,"A",5
105,5,"A",21
28,5,"B",1
32,5,"B",6
46,5,"B",7
48,5,"B",7
76,5,"B",2
83,5,"B",1
97,5,"B",6
105,5,"B",43
32,5,"C",10
33,5,"C",3
46,5,"C",9
48,5,"C",9
76,5,"C",1
83,5,"C",2
84,5,"C",2
97,5,"C",7
103,5,"C",5
105,5,"C",46
28,5,"D",1
32,5,"D",6
38,5,"D",1
46,5,"D",7
48,5,"D",9
97,5,"D",1
103,5,"D",1
105,5,"D",53
32,5,"E",9
33,5,"E",1
38,5,"E",1
46,5,"E",6
48,5,"E",1
59,5,"E",1
83,5,"E",2
103,5,"E",1
105,5,"E",31
10,6,"A",8
28,6,"A",1
46,6,"A",6
67,6,"A",1
76,6,"A",3
105,6,"A",6
10,6,"B",12
38,6,"B",1
46,6,"B",9
48,6,"B",1
67,6,"B",1
105,6,"B",2
10,6,"C",6
32,6,"C",1
46,6,"C",12
73,6,"C",1
105,6,"C",2
10,6,"D",27
32,6,"D",2
46,6,"D",12
10,6,"E",11
18,6,"E",2
32,6,"E",3
38,6,"E",2
46,6,"E",6
48,6,"E",8
59,6,"E",1
67,6,"E",4
76,6,"E",15
97,6,"E",1
105,6,"E",2
10,7,"A",9
38,7,"A",1
46,7,"A",5
67,7,"A",1
103,7,"A",1
106,7,"A",2
32,7,"B",2
46,7,"B",8
67,7,"B",2
73,7,"B",1
46,7,"C",5
67,7,"C",1
10,7,"D",11
18,7,"D",1
38,7,"D",1
46,7,"D",12
48,7,"D",1
67,7,"D",1
106,7,"D",1
46,7,"E",1
67,7,"E",2
28,8,"A",15
46,8,"A",9
104,8,"A",1
28,8,"B",19
46,8,"B",13
76,8,"B",1
104,8,"B",2
28,8,"C",14
46,8,"C",7
104,8,"C",1
28,8,"D",11
46,8,"D",12
104,8,"D",3
28,8,"E",14
46,8,"E",9
66,8,"E",1
104,8,"E",4
28,9,"A",22
46,9,"A",6
48,9,"A",1
28,9,"B",19
32,9,"B",1
104,9,"B",4
28,9,"C",12
46,9,"C",3
28,9,"D",49
46,9,"D",2
28,9,"E",11
46,9,"E",2
10,10,"A",1
26,10,"A",1
32,10,"A",4
46,10,"A",7
97,10,"A",1
104,10,"A",2
10,10,"B",2
28,10,"B",3
29,10,"B",1
32,10,"B",4
46,10,"B",12
48,10,"B",1
67,10,"B",2
83,10,"B",1
84,10,"B",2
93,10,"B",1
97,10,"B",1
103,10,"B",2
104,10,"B",8
105,10,"B",75
10,10,"C",2
28,10,"C",2
32,10,"C",5
33,10,"C",1
38,10,"C",6
46,10,"C",7
67,10,"C",1
83,10,"C",2
103,10,"C",3
105,10,"C",10
10,10,"D",26
18,10,"D",1
32,10,"D",9
38,10,"D",1
46,10,"D",12
48,10,"D",5
83,10,"D",1
84,10,"D",6
97,10,"D",2
103,10,"D",1
105,10,"D",15
10,10,"E",96
18,10,"E",1
28,10,"E",1
32,10,"E",6
38,10,"E",1
46,10,"E",18
48,10,"E",5
83,10,"E",1
84,10,"E",4
97,10,"E",3
104,10,"E",2
105,10,"E",81
10,11,"A",224
28,11,"A",1
32,11,"A",1
46,11,"A",21
59,11,"A",2
67,11,"A",1
89,11,"A",1
104,11,"A",1
1,11,"B",1
10,11,"B",15
23,11,"B",1
46,11,"B",8
48,11,"B",1
67,11,"B",1
76,11,"B",3
1,11,"C",1
10,11,"C",59
18,11,"C",1
32,11,"C",3
46,11,"C",13
104,11,"C",2
10,11,"D",22
19,11,"D",1
32,11,"D",1
38,11,"D",2
46,11,"D",14
83,11,"D",1
10,11,"E",119
32,11,"E",1
46,11,"E",37
48,11,"E",1
67,11,"E",2
83,11,"E",3
104,11,"E",3
46,12,"A",1
67,12,"A",1
10,12,"B",2
46,12,"B",1
67,12,"B",2
10,12,"C",2
46,12,"C",6
48,12,"C",1
69,12,"C",1
106,12,"C",1
46,12,"D",1
73,12,"D",1
10,12,"E",1
46,12,"E",1
67,12,"E",1
1,13,"A",1
46,13,"A",16
48,13,"A",2
46,13,"B",5
86,13,"B",1
46,13,"C",22
48,13,"C",5
59,13,"C",1
104,13,"C",2
46,13,"D",4
83,13,"D",1
93,13,"D",1
18,13,"E",1
46,13,"E",11
48,13,"E",33
97,13,"E",1
1,14,"A",7
10,14,"A",1
48,14,"A",27
105,14,"A",1
10,14,"B",6
46,14,"B",29
48,14,"B",34
63,14,"B",1
83,14,"B",3
86,14,"B",1
97,14,"B",2
105,14,"B",1
1,14,"C",5
10,14,"C",8
18,14,"C",1
41,14,"C",1
46,14,"C",14
48,14,"C",22
59,14,"C",1
67,14,"C",1
76,14,"C",2
10,14,"D",8
18,14,"D",1
46,14,"D",28
97,14,"D",2
1,14,"E",8
12,14,"E",45
33,14,"E",1
46,14,"E",19
48,14,"E",40
105,14,"E",4
10,15,"A",5
38,15,"A",1
46,15,"A",24
48,15,"A",7
63,15,"A",3
76,15,"A",1
103,15,"A",4
104,15,"A",2
10,15,"B",1
33,15,"B",1
42,15,"B",1
46,15,"B",22
48,15,"B",1
59,15,"B",1
63,15,"B",5
93,15,"B",1
104,15,"B",2
10,15,"C",4
16,15,"C",1
42,15,"C",1
46,15,"C",23
48,15,"C",2
63,15,"C",2
19,15,"D",2
46,15,"D",22
48,15,"D",5
63,15,"D",1
93,15,"D",1
105,15,"D",3
10,15,"E",3
42,15,"E",3
46,15,"E",21
48,15,"E",2
63,15,"E",9
93,15,"E",1
10,16,"A",2
46,16,"A",1
10,16,"B",1
32,16,"B",2
46,16,"B",7
83,16,"B",1
10,16,"C",9
46,16,"C",7
10,16,"D",12
46,16,"D",6
10,16,"E",53
28,16,"E",1
32,16,"E",1
38,16,"E",3
46,16,"E",6
48,16,"E",1
76,16,"E",1
18,17,"A",1
36,17,"A",79
46,17,"A",20
56,17,"A",1
57,17,"A",1
63,17,"A",1
83,17,"A",1
93,17,"A",1
5,17,"B",2
10,17,"B",5
16,17,"B",1
36,17,"B",2
38,17,"B",1
46,17,"B",21
48,17,"B",6
63,17,"B",2
83,17,"B",2
93,17,"B",2
97,17,"B",2
104,17,"B",12
105,17,"B",6
5,17,"C",5
10,17,"C",2
14,17,"C",1
18,17,"C",1
36,17,"C",95
46,17,"C",10
59,17,"C",1
68,17,"C",1
69,17,"C",1
73,17,"C",1
104,17,"C",1
105,17,"C",3
10,17,"D",4
25,17,"D",1
36,17,"D",16
46,17,"D",2
63,17,"D",1
68,17,"D",1
93,17,"D",6
104,17,"D",17
46,17,"E",19
93,17,"E",1
104,17,"E",2
10,18,"A",1
19,18,"A",1
46,18,"A",2
67,18,"A",1
91,18,"A",1
10,18,"B",2
46,18,"B",2
48,18,"B",1
59,18,"B",1
67,18,"B",1
93,18,"B",1
97,18,"B",1
46,18,"C",1
74,18,"C",1
10,18,"D",2
46,18,"D",1
48,18,"D",2
73,18,"D",2
93,18,"D",2
10,18,"E",3
18,18,"E",1
19,18,"E",4
46,18,"E",2
48,18,"E",1
73,18,"E",1
97,18,"E",1
103,18,"E",1
104,18,"E",1
46,19,"A",3
48,19,"A",1
73,19,"A",1
10,19,"B",4
46,19,"B",7
10,19,"C",4
46,19,"C",2
67,19,"C",1
69,19,"C",1
71,19,"C",1
73,19,"C",1
10,19,"D",5
18,19,"D",1
46,19,"D",5
59,19,"D",1
10,19,"E",1
59,19,"E",1
73,19,"E",1
10,20,"A",13
38,20,"A",1
46,20,"A",9
48,20,"A",3
83,20,"A",1
104,20,"A",12
105,20,"A",2
10,20,"B",4
46,20,"B",9
105,20,"B",4
10,20,"C",21
46,20,"C",6
104,20,"C",15
10,20,"D",6
46,20,"D",27
104,20,"D",3
105,20,"D",14
10,20,"E",8
38,20,"E",1
46,20,"E",5
104,20,"E",1
105,20,"E",6
46,21,"A",3
69,21,"A",1
71,21,"A",1
106,21,"A",1
48,21,"B",1
28,21,"D",1
46,21,"D",3
93,21,"D",1
10,21,"E",1
28,21,"E",1
46,21,"E",2
10,22,"A",5
46,22,"A",1
10,22,"B",111
46,22,"B",1
69,22,"B",2
73,22,"B",3
105,22,"B",5
106,22,"B",22
10,22,"C",2
69,22,"C",1
73,22,"C",1
76,22,"C",1
106,22,"C",11
18,22,"D",1
38,22,"D",1
46,22,"D",1
72,22,"D",1
73,22,"D",2
103,22,"D",1
106,22,"D",5
10,22,"E",6
11,22,"E",1
38,22,"E",1
41,22,"E",2
46,22,"E",1
56,22,"E",1
69,22,"E",2
106,22,"E",3
28,23,"A",67
46,23,"A",12
48,23,"A",7
76,23,"A",8
28,23,"B",57
46,23,"B",19
48,23,"B",12
53,23,"B",1
76,23,"B",1
28,23,"C",48
46,23,"C",18
48,23,"C",8
76,23,"C",109
28,23,"D",7
46,23,"D",13
48,23,"D",11
76,23,"D",51
28,23,"E",26
46,23,"E",13
76,23,"E",58
48,24,"A",1
73,24,"A",1
104,24,"A",2
10,24,"B",2
18,24,"B",1
48,24,"B",14
67,24,"B",2
73,24,"C",3
10,24,"D",8
18,24,"D",1
38,24,"D",1
67,24,"D",1
73,24,"D",2
97,24,"D",1
104,24,"D",4
106,24,"D",2
10,24,"E",2
59,24,"E",2
104,24,"E",3
106,24,"E",2
1,25,"A",1
18,25,"A",2
32,25,"A",1
46,25,"A",1
10,25,"B",1
46,25,"B",3
71,25,"B",1
18,25,"C",1
46,25,"C",5
62,25,"C",2
67,25,"D",1
7,25,"E",1
10,25,"E",12
18,25,"E",2
46,25,"E",3
67,25,"E",4
104,25,"E",7
106,25,"E",2
1,26,"A",1
48,26,"A",13
1,26,"B",1
48,26,"B",4
1,26,"C",7
10,26,"C",1
41,26,"C",3
48,26,"C",13
67,26,"C",1
73,26,"C",1
90,26,"C",2
97,26,"C",1
106,26,"C",2
1,26,"D",7
18,26,"D",1
46,26,"D",1
67,26,"D",1
73,26,"D",1
76,26,"D",5
90,26,"D",1
1,26,"E",15
41,26,"E",6
45,26,"E",1
48,26,"E",21
76,26,"E",5
90,26,"E",6
1,27,"A",1
32,27,"A",2
46,27,"A",8
48,27,"A",5
76,27,"A",1
10,27,"B",2
32,27,"B",1
46,27,"B",5
48,27,"B",2
76,27,"B",5
1,27,"C",1
32,27,"C",1
46,27,"C",6
48,27,"C",3
76,27,"C",5
1,27,"D",2
32,27,"D",6
46,27,"D",7
48,27,"D",16
76,27,"D",2
10,27,"E",3
32,27,"E",5
46,27,"E",13
48,27,"E",4
76,27,"E",2
104,27,"E",1
46,28,"A",4
67,28,"A",1
73,28,"A",1
48,28,"B",2
73,28,"B",1
10,28,"C",4
46,28,"C",1
67,28,"C",1
105,28,"C",1
10,28,"D",1
32,28,"D",2
46,28,"D",1
48,28,"D",1
59,28,"D",1
73,28,"D",1
1,28,"E",2
10,28,"E",2
46,28,"E",16
48,28,"E",15
67,28,"E",1
1,29,"A",1
48,29,"A",1
1,29,"B",2
97,29,"B",1
1,29,"C",1
48,29,"C",3
59,29,"C",1
73,29,"C",1
97,29,"C",1
1,29,"D",2
48,29,"D",2
73,29,"D",1
76,29,"D",1
97,29,"D",1
1,29,"E",4
46,29,"E",1
48,29,"E",1
73,29,"E",1
90,29,"E",1
1,30,"A",9
32,30,"A",1
46,30,"A",23
48,30,"A",4
53,30,"A",3
76,30,"A",4
104,30,"A",3
1,30,"B",18
46,30,"B",10
48,30,"B",1
53,30,"B",1
1,30,"C",6
28,30,"C",2
32,30,"C",1
46,30,"C",17
48,30,"C",8
53,30,"C",5
76,30,"C",3
103,30,"C",1
106,30,"C",3
1,30,"D",4
32,30,"D",1
46,30,"D",25
48,30,"D",19
51,30,"D",1
53,30,"D",2
67,30,"D",2
76,30,"D",1
104,30,"D",1
1,30,"E",60
46,30,"E",17
48,30,"E",15
53,30,"E",4
76,30,"E",21
10,31,"A",4
28,31,"A",1
46,31,"A",1
71,31,"A",1
76,31,"A",1
105,31,"A",1
10,31,"B",14
15,31,"B",1
28,31,"B",14
32,31,"B",1
59,31,"B",1
71,31,"B",4
97,31,"B",1
104,31,"B",7
19,31,"C",1
28,31,"C",9
32,31,"C",1
33,31,"C",1
38,31,"C",1
71,31,"C",1
104,31,"C",5
71,31,"D",1
97,31,"D",1
15,31,"E",4
19,31,"E",1
28,31,"E",2
71,31,"E",2
83,31,"E",1
93,31,"E",2
104,31,"E",5
48,32,"A",7
103,32,"A",1
46,32,"B",2
73,32,"B",1
76,32,"B",1
1,32,"C",1
18,32,"C",1
67,32,"C",1
1,32,"D",1
37,32,"D",1
73,32,"D",1
104,32,"D",3
10,32,"E",39
18,32,"E",2
30,32,"E",1
46,32,"E",1
59,32,"E",1
73,32,"E",1
103,32,"E",1
106,32,"E",23
17,33,"A",1
73,33,"A",2
89,33,"A",1
101,33,"A",1
17,33,"B",1
44,33,"B",1
48,33,"B",2
96,33,"B",1
99,33,"B",1
101,33,"B",2
17,33,"C",1
30,33,"C",1
73,33,"C",1
83,33,"C",1
89,33,"C",1
96,33,"C",1
3,33,"D",2
35,33,"D",1
73,33,"D",1
96,33,"D",3
101,33,"D",3
73,33,"E",2
83,33,"E",1
96,33,"E",2
48,34,"A",6
10,34,"B",3
15,34,"B",1
48,34,"B",37
106,34,"B",3
48,34,"C",9
48,34,"D",7
106,34,"D",1
48,34,"E",8
76,34,"E",3
106,34,"E",2
1,35,"A",1
10,35,"A",3
32,35,"A",2
41,35,"A",1
46,35,"A",47
106,35,"A",1
1,35,"B",4
10,35,"B",9
23,35,"B",2
32,35,"B",5
38,35,"B",2
41,35,"B",2
46,35,"B",61
48,35,"B",1
67,35,"B",1
76,35,"B",5
90,35,"B",2
103,35,"B",11
1,35,"C",3
10,35,"C",2
18,35,"C",1
32,35,"C",3
46,35,"C",19
67,35,"C",1
76,35,"C",2
1,35,"D",1
10,35,"D",14
32,35,"D",3
46,35,"D",88
48,35,"D",2
59,35,"D",1
90,35,"D",1
103,35,"D",3
106,35,"D",8
1,35,"E",2
10,35,"E",1
18,35,"E",1
32,35,"E",2
46,35,"E",19
48,35,"E",2
59,35,"E",1
76,35,"E",4
90,35,"E",2
18,36,"A",1
32,36,"A",2
46,36,"A",29
67,36,"A",1
73,36,"A",1
103,36,"A",1
105,36,"A",1
1,36,"B",1
10,36,"B",3
32,36,"B",1
41,36,"B",1
46,36,"B",35
73,36,"B",2
97,36,"B",1
10,36,"C",1
38,36,"C",1
46,36,"C",25
59,36,"C",1
97,36,"C",1
104,36,"C",1
41,36,"D",1
46,36,"D",31
67,36,"D",1
103,36,"D",2
105,36,"D",1
46,36,"E",1
52,36,"E",1
46,37,"A",9
62,37,"A",1
10,37,"B",5
15,37,"B",1
32,37,"B",2
46,37,"B",21
97,37,"B",2
103,37,"B",1
10,37,"C",2
32,37,"C",2
46,37,"C",18
62,37,"C",1
10,37,"D",2
46,37,"D",6
105,37,"D",1
32,37,"E",1
46,37,"E",7
62,37,"E",1
103,37,"E",1
10,38,"A",11
32,38,"A",7
38,38,"A",1
46,38,"A",7
93,38,"A",1
103,38,"A",1
10,38,"B",3
28,38,"B",2
32,38,"B",6
46,38,"B",5
48,38,"B",1
62,38,"B",1
67,38,"B",1
28,38,"C",1
32,38,"C",5
46,38,"C",2
104,38,"C",1
28,38,"D",1
32,38,"D",4
48,38,"D",1
18,38,"E",2
28,38,"E",2
32,38,"E",3
46,38,"E",2
48,38,"E",1
67,38,"E",1
93,38,"E",1
97,38,"E",1
10,39,"A",4
18,39,"A",1
23,39,"A",2
46,39,"A",3
56,39,"A",1
62,39,"A",2
66,39,"A",4
93,39,"A",1
106,39,"A",5
10,39,"B",4
28,39,"B",1
46,39,"B",3
62,39,"B",2
67,39,"B",2
73,39,"B",2
104,39,"B",11
4,39,"C",1
10,39,"C",56
15,39,"C",1
23,39,"C",7
46,39,"C",1
62,39,"C",3
66,39,"C",1
69,39,"C",1
73,39,"C",3
104,39,"C",92
15,39,"D",1
37,39,"D",1
46,39,"D",2
62,39,"D",1
73,39,"D",1
76,39,"D",2
104,39,"D",37
18,39,"E",2
46,39,"E",1
59,39,"E",1
62,39,"E",1
104,40,"A",4
4,40,"B",1
48,40,"B",1
106,40,"B",34
4,40,"C",3
18,40,"C",1
32,40,"C",1
48,40,"C",2
51,40,"C",1
90,40,"C",2
104,40,"C",18
7,40,"D",1
12,40,"D",1
15,40,"D",1
18,40,"D",1
62,40,"D",3
74,40,"D",1
104,40,"D",3
105,40,"D",5
18,40,"E",1
73,40,"E",1
105,40,"E",4
10,41,"A",5
38,41,"A",2
46,41,"A",2
69,41,"A",1
96,41,"A",1
102,41,"A",1
105,41,"A",26
7,41,"B",1
10,41,"B",2
46,41,"B",4
62,41,"B",2
66,41,"B",1
67,41,"B",1
73,41,"B",1
96,41,"B",1
105,41,"B",14
2,41,"C",1
7,41,"C",1
10,41,"C",2
46,41,"C",16
66,41,"C",1
74,41,"C",2
96,41,"C",3
105,41,"C",33
18,41,"D",1
44,41,"D",1
46,41,"D",4
62,41,"D",4
96,41,"D",3
10,41,"E",1
15,41,"E",2
19,41,"E",1
41,41,"E",1
46,41,"E",8
61,41,"E",1
67,41,"E",2
73,41,"E",1
83,41,"E",1
96,41,"E",1
105,41,"E",12
7,42,"A",1
10,42,"A",6
18,42,"A",1
22,42,"A",1
38,42,"A",1
48,42,"A",3
51,42,"A",4
67,42,"A",1
80,42,"A",1
97,42,"A",5
10,42,"B",1
15,42,"B",2
18,42,"B",1
48,42,"B",1
50,42,"B",1
51,42,"B",10
66,42,"B",2
93,42,"B",1
97,42,"B",12
10,42,"C",5
15,42,"C",25
18,42,"C",1
22,42,"C",2
51,42,"C",1
63,42,"C",1
67,42,"C",2
71,42,"C",2
97,42,"C",6
71,42,"D",1
93,42,"D",1
97,42,"D",1
15,42,"E",1
22,42,"E",32
51,42,"E",5
66,42,"E",1
71,42,"E",1
18,43,"A",1
48,43,"A",48
71,43,"A",1
76,43,"A",1
93,43,"A",1
104,43,"A",1
19,43,"B",1
82,43,"B",2
104,43,"B",5
10,43,"C",1
19,43,"C",1
48,43,"C",3
104,43,"C",10
19,43,"D",1
82,43,"D",1
104,43,"D",26
18,43,"E",1
104,43,"E",12
10,44,"A",8
38,44,"A",1
46,44,"A",2
69,44,"A",1
73,44,"A",2
105,44,"A",13
10,44,"B",19
46,44,"B",3
59,44,"B",1
67,44,"B",1
105,44,"B",19
10,44,"C",11
38,44,"C",1
46,44,"C",3
59,44,"C",1
69,44,"C",2
105,44,"C",5
10,44,"D",8
38,44,"D",1
46,44,"D",2
69,44,"D",1
73,44,"D",2
105,44,"D",13
10,44,"E",3
18,44,"E",1
46,44,"E",4
69,44,"E",1
105,44,"E",11
21,45,"A",1
28,45,"A",35
41,45,"A",4
46,45,"A",6
48,45,"A",14
71,45,"A",1
88,45,"A",1
104,45,"A",5
28,45,"B",28
46,45,"B",5
76,45,"B",1
106,45,"B",18
1,45,"C",1
28,45,"C",88
46,45,"C",4
48,45,"C",18
76,45,"C",8
93,45,"C",1
104,45,"C",14
18,45,"D",1
28,45,"D",24
46,45,"D",5
48,45,"D",24
76,45,"D",7
104,45,"D",31
10,45,"E",2
28,45,"E",45
45,45,"E",1
46,45,"E",3
48,45,"E",5
76,45,"E",1
104,45,"E",48
4,46,"A",1
46,46,"A",1
48,46,"A",7
82,46,"A",3
104,46,"A",3
7,46,"B",1
10,46,"B",1
16,46,"B",1
19,46,"B",1
38,46,"B",1
46,46,"B",1
48,46,"B",1
90,46,"B",3
103,46,"B",8
104,46,"B",7
1,46,"C",2
23,46,"C",1
32,46,"C",1
46,46,"C",18
48,46,"C",6
66,46,"C",1
69,46,"C",1
90,46,"C",3
103,46,"C",6
104,46,"C",1
48,46,"D",3
90,46,"D",2
1,46,"E",3
32,46,"E",1
48,46,"E",6
66,46,"E",1
104,46,"E",1
18,47,"A",1
46,47,"A",9
67,47,"A",7
73,47,"A",1
1,47,"B",3
19,47,"B",1
38,47,"B",3
45,47,"B",1
46,47,"B",14
67,47,"B",4
73,47,"B",5
76,47,"B",1
104,47,"B",2
106,47,"B",1
18,47,"C",1
46,47,"C",8
67,47,"C",5
73,47,"C",1
104,47,"C",1
18,47,"D",1
46,47,"D",6
73,47,"D",2
6,47,"E",1
10,47,"E",1
46,47,"E",5
73,47,"E",3
104,47,"E",1
16,48,"A",1
66,48,"A",2
73,48,"A",1
74,48,"A",1
105,48,"A",3
7,48,"B",1
10,48,"B",12
18,48,"B",1
46,48,"B",3
66,48,"B",1
73,48,"B",6
83,48,"B",1
105,48,"B",5
10,48,"C",1
105,48,"C",1
10,48,"D",1
73,48,"D",1
105,48,"D",2
73,48,"E",2
15,49,"A",1
28,49,"A",6
105,49,"A",4
10,49,"B",1
15,49,"B",3
28,49,"B",1
38,49,"B",1
46,49,"B",1
48,49,"B",1
105,49,"B",3
48,49,"C",3
105,49,"C",15
1,49,"D",1
48,49,"D",4
105,49,"D",4
104,49,"E",5
45,50,"A",1
46,50,"A",2
73,50,"A",3
1,50,"B",1
10,50,"B",4
46,50,"B",4
63,50,"B",1
73,50,"B",2
106,50,"B",4
46,50,"C",1
73,50,"C",3
46,50,"D",3
48,50,"D",1
73,50,"D",1
106,50,"D",2
1,50,"E",7
10,50,"E",7
46,50,"E",6
48,50,"E",2
53,50,"E",1
66,50,"E",4
67,50,"E",1
73,50,"E",4
106,50,"E",6
1,51,"A",3
10,51,"A",8
15,51,"A",39
22,51,"A",11
38,51,"A",2
48,51,"A",27
66,51,"A",12
89,51,"A",1
101,51,"A",8
104,51,"A",110
10,51,"B",1
15,51,"B",13
38,51,"B",1
46,51,"B",1
48,51,"B",10
104,51,"B",5
10,51,"C",2
15,51,"C",99
22,51,"C",6
48,51,"C",15
66,51,"C",2
88,51,"C",1
101,51,"C",1
104,51,"C",72
1,51,"D",1
10,51,"D",1
15,51,"D",17
33,51,"D",2
48,51,"D",15
101,51,"D",3
104,51,"D",23
10,51,"E",2
15,51,"E",45
22,51,"E",2
38,51,"E",1
48,51,"E",12
66,51,"E",1
101,51,"E",4
104,51,"E",75
48,52,"A",1
66,52,"A",2
105,52,"A",4
1,52,"B",1
7,52,"B",1
10,52,"B",1
46,52,"B",1
48,52,"B",1
63,52,"B",1
67,52,"B",1
69,52,"B",1
73,52,"B",1
7,52,"C",1
63,52,"C",1
73,52,"C",1
97,52,"C",1
1,52,"D",7
7,52,"D",3
10,52,"D",7
25,52,"D",1
33,52,"D",1
48,52,"D",5
63,52,"D",1
66,52,"D",6
73,52,"D",2
106,52,"D",1
1,52,"E",28
7,52,"E",4
10,52,"E",2
46,52,"E",5
48,52,"E",2
66,52,"E",1
67,52,"E",1
73,52,"E",1
46,53,"A",6
73,53,"A",1
74,53,"A",1
73,53,"B",2
97,53,"B",1
46,53,"C",1
73,53,"C",1
42,53,"D",2
46,53,"D",1
48,53,"D",1
74,53,"D",1
46,53,"E",3
73,53,"E",1
86,53,"E",1
2,54,"A",1
46,54,"A",1
48,54,"A",1
73,54,"A",4
105,54,"A",15
46,54,"B",10
73,54,"B",4
105,54,"B",4
10,54,"C",3
46,54,"C",1
73,54,"C",5
105,54,"C",10
33,54,"D",1
73,54,"D",3
105,54,"D",1
69,54,"E",7
73,54,"E",2
104,54,"E",1
1,55,"A",1
104,55,"A",2
93,55,"B",1
104,55,"B",2
48,55,"C",3
104,55,"C",1
1,55,"D",1
18,55,"D",1
48,55,"D",3
73,55,"D",2
101,55,"D",1
18,55,"E",2
48,55,"E",2
73,55,"E",1
104,55,"E",1
66,56,"A",1
73,56,"A",1
73,56,"B",2
106,56,"B",4
10,56,"C",2
15,56,"C",3
46,56,"C",1
48,56,"C",3
59,56,"C",1
73,56,"C",2
89,56,"C",1
103,56,"C",1
106,56,"C",18
1,56,"D",3
46,56,"D",1
73,56,"D",2
105,56,"D",2
1,56,"E",5
18,56,"E",2
48,56,"E",2
73,56,"E",1
76,56,"E",1
106,56,"E",2
1,57,"A",1
10,57,"A",2
104,57,"A",15
15,57,"B",2
48,57,"B",1
15,57,"C",1
62,57,"C",1
73,57,"C",1
46,57,"D",1
76,57,"D",1
104,57,"D",135
10,57,"E",2
15,57,"E",4
28,57,"E",2
41,57,"E",1
73,57,"E",1
104,57,"E",1
46,58,"A",3
48,58,"A",21
1,58,"B",1
19,58,"B",1
38,58,"B",4
46,58,"B",20
48,58,"B",8
73,58,"B",1
10,58,"C",1
46,58,"C",2
48,58,"C",6
59,58,"C",1
93,58,"C",1
1,58,"D",1
19,58,"D",1
46,58,"D",4
48,58,"D",9
93,58,"D",3
46,58,"E",9
48,58,"E",1
104,58,"E",1
48,59,"A",1
73,59,"A",2
104,59,"A",1
1,59,"B",1
10,59,"B",4
46,59,"B",1
48,59,"B",1
62,59,"B",1
104,59,"B",2
106,59,"B",12
46,59,"C",2
48,59,"C",2
10,59,"D",2
30,59,"D",1
38,59,"D",1
48,59,"D",1
73,59,"D",1
104,59,"D",11
106,59,"D",24
73,59,"E",2
104,59,"E",8
105,59,"E",1
4,60,"A",1
73,60,"A",2
105,60,"A",15
46,60,"B",1
73,60,"B",5
105,60,"B",14
7,60,"C",1
10,60,"C",1
73,60,"C",7
105,60,"C",4
18,60,"D",1
73,60,"D",5
7,60,"E",1
62,60,"E",1
73,60,"E",3
105,60,"E",20
7,61,"A",1
10,61,"A",3
19,61,"A",1
22,61,"A",1
28,61,"A",37
103,61,"A",1
104,61,"A",7
10,61,"B",20
28,61,"B",134
105,61,"B",42
7,61,"C",6
28,61,"C",114
105,61,"C",3
7,61,"D",1
28,61,"D",39
48,61,"D",1
105,61,"D",5
1,61,"E",4
7,61,"E",9
10,61,"E",12
22,61,"E",2
28,61,"E",120
48,61,"E",1
90,61,"E",4
106,61,"E",138
104,62,"A",16
46,62,"B",1
73,62,"B",1
104,62,"B",12
104,62,"C",27
104,62,"D",7
73,62,"E",1
105,62,"E",18
30,63,"A",1
104,63,"A",3
46,63,"B",2
104,63,"B",1
46,63,"C",1
104,63,"C",1
42,63,"D",1
104,63,"D",2
18,63,"E",1
92,63,"E",1
73,64,"A",3
105,64,"A",12
10,64,"B",3
46,64,"B",1
73,64,"B",2
105,64,"B",7
15,64,"C",1
46,64,"C",1
73,64,"C",6
46,64,"D",2
73,64,"D",1
105,64,"D",11
46,64,"E",2
74,64,"E",3
104,64,"E",6
105,64,"E",48
10,65,"A",1
46,65,"A",1
48,65,"A",3
67,65,"A",1
89,65,"A",1
106,65,"A",2
67,65,"B",1
10,65,"C",3
15,65,"C",12
25,65,"C",1
46,65,"C",1
48,65,"C",2
67,65,"C",2
104,65,"C",1
105,65,"C",138
10,65,"D",4
30,65,"D",1
38,65,"D",4
46,65,"D",1
96,65,"D",6
106,65,"D",57
46,65,"E",1
48,65,"E",3
89,65,"E",4
106,65,"E",151
1,66,"A",16
2,66,"A",1
18,66,"A",1
22,66,"A",15
28,66,"A",2
48,66,"A",130
64,66,"A",5
67,66,"A",2
71,66,"A",1
86,66,"A",1
104,66,"A",220
1,66,"B",8
7,66,"B",5
18,66,"B",1
22,66,"B",72
48,66,"B",145
56,66,"B",1
59,66,"B",1
64,66,"B",68
67,66,"B",1
93,66,"B",3
101,66,"B",1
104,66,"B",116
1,66,"C",7
7,66,"C",1
22,66,"C",12
48,66,"C",90
58,66,"C",1
64,66,"C",9
67,66,"C",1
71,66,"C",1
104,66,"C",37
1,66,"D",1
15,66,"D",9
18,66,"D",2
22,66,"D",22
48,66,"D",101
58,66,"D",1
64,66,"D",21
104,66,"D",44
1,66,"E",5
7,66,"E",3
15,66,"E",11
18,66,"E",1
22,66,"E",20
48,66,"E",175
64,66,"E",47
93,66,"E",1
103,66,"E",2
104,66,"E",74
10,67,"A",1
73,67,"A",3
74,67,"A",1
86,67,"A",1
105,67,"A",9
2,67,"B",2
73,67,"B",3
104,67,"B",10
42,67,"C",2
73,67,"C",5
86,67,"C",1
2,67,"D",2
74,67,"D",2
63,67,"E",1
74,67,"E",1
73,68,"A",5
106,68,"A",1
73,68,"B",9
105,68,"B",29
62,68,"C",2
73,68,"C",4
46,68,"D",1
73,68,"D",4
105,68,"D",2
73,68,"E",4
105,68,"E",3
62,69,"A",2
73,69,"A",4
105,69,"A",13
74,69,"C",4
105,69,"C",205
3,70,"A",2
15,70,"A",1
18,70,"A",4
73,70,"A",1
73,70,"B",1
102,70,"B",2
18,70,"C",1
74,70,"C",1
63,70,"E",1
6,71,"A",7
10,71,"A",11
11,71,"A",9
15,71,"A",1
17,71,"A",9
18,71,"A",1
36,71,"A",6
39,71,"A",3
47,71,"A",1
54,71,"A",3
57,71,"A",1
63,71,"A",6
75,71,"A",1
93,71,"A",2
98,71,"A",1
105,71,"A",131
11,71,"B",6
17,71,"B",4
18,71,"B",1
35,71,"B",1
36,71,"B",13
39,71,"B",1
46,71,"B",1
47,71,"B",1
57,71,"B",1
63,71,"B",1
75,71,"B",3
105,71,"B",63
108,71,"B",1
6,71,"C",6
10,71,"C",6
11,71,"C",5
14,71,"C",2
15,71,"C",1
36,71,"C",3
39,71,"C",1
40,71,"C",1
43,71,"C",1
46,71,"C",3
54,71,"C",18
55,71,"C",1
57,71,"C",1
63,71,"C",21
67,71,"C",1
85,71,"C",1
104,71,"C",40
105,71,"C",4
6,71,"D",5
7,71,"D",2
11,71,"D",4
17,71,"D",7
18,71,"D",1
36,71,"D",29
39,71,"D",2
105,71,"D",4
6,71,"E",25
9,71,"E",1
10,71,"E",1
11,71,"E",29
14,71,"E",1
15,71,"E",3
17,71,"E",1
21,71,"E",1
24,71,"E",1
32,71,"E",1
43,71,"E",1
46,71,"E",4
63,71,"E",5
75,71,"E",1
81,71,"E",1
95,71,"E",3
98,71,"E",3
105,71,"E",3
106,71,"E",18
18,72,"A",1
62,72,"A",1
74,72,"A",2
75,72,"A",2
103,72,"A",2
3,72,"B",1
62,72,"B",1
105,72,"B",1
73,72,"C",1
96,72,"C",1
3,72,"D",1
75,72,"D",2
96,72,"D",2
1,72,"E",1
3,72,"E",1
74,72,"E",1
96,72,"E",2
10,73,"A",2
15,73,"A",34
25,73,"A",1
32,73,"A",1
46,73,"A",7
75,73,"A",1
79,73,"A",1
106,73,"A",96
10,73,"B",4
15,73,"B",58
69,73,"B",1
106,73,"B",17
7,73,"C",1
15,73,"C",2
17,73,"C",1
44,73,"C",1
46,73,"C",1
106,73,"C",22
24,73,"D",4
75,73,"D",2
106,73,"D",25
7,73,"E",1
15,73,"E",3
17,73,"E",4
46,73,"E",1
75,73,"E",6
106,73,"E",7
10,74,"A",40
15,74,"A",2
28,74,"A",1
38,74,"A",1
46,74,"A",10
102,74,"A",1
103,74,"A",1
104,74,"A",123
105,74,"A",3
10,74,"B",2
46,74,"B",3
48,74,"B",1
104,74,"B",22
105,74,"B",13
10,74,"C",5
16,74,"C",1
46,74,"C",3
48,74,"C",1
104,74,"C",99
10,74,"D",43
15,74,"D",4
38,74,"D",1
46,74,"D",4
73,74,"D",1
104,74,"D",155
71,74,"E",1
10,75,"A",8
18,75,"A",1
32,75,"A",8
46,75,"A",15
67,75,"A",1
89,75,"A",3
105,75,"A",1
10,75,"B",30
32,75,"B",13
46,75,"B",25
48,75,"B",1
89,75,"B",2
96,75,"B",1
97,75,"B",1
103,75,"B",3
1,75,"C",1
10,75,"C",1
18,75,"C",1
21,75,"C",71
28,75,"C",1
32,75,"C",5
46,75,"C",5
48,75,"C",11
67,75,"C",2
89,75,"C",4
97,75,"C",1
103,75,"C",6
105,75,"C",6
7,75,"D",1
10,75,"D",104
32,75,"D",6
33,75,"D",1
46,75,"D",11
60,75,"D",1
63,75,"D",1
88,75,"D",1
89,75,"D",1
96,75,"D",1
101,75,"D",1
103,75,"D",7
105,75,"D",3
10,75,"E",21
32,75,"E",12
46,75,"E",31
89,75,"E",13
103,75,"E",8
105,75,"E",1
18,76,"A",1
46,76,"A",3
89,76,"A",1
83,76,"B",2
46,76,"C",1
73,76,"C",1
83,76,"C",1
12,76,"D",3
89,76,"D",5
104,76,"D",1
10,76,"E",1
103,76,"E",1
105,76,"E",21
48,77,"A",1
59,77,"A",1
83,77,"A",1
103,77,"A",1
105,77,"A",22
73,77,"B",1
46,77,"C",1
74,77,"C",1
104,77,"C",1
46,77,"D",3
103,77,"D",1
105,77,"D",15
46,77,"E",1
74,77,"E",1
105,77,"E",9
12,78,"A",2
96,78,"A",10
107,78,"A",12
12,78,"B",2
38,78,"B",2
75,78,"B",1
96,78,"B",3
107,78,"B",11
74,78,"C",1
95,78,"C",1
96,78,"C",7
107,78,"C",1
7,78,"D",1
73,78,"D",1
96,78,"D",10
3,78,"E",2
12,78,"E",1
75,78,"E",1
96,78,"E",16
107,78,"E",13
13,79,"A",2
35,79,"A",1
38,79,"A",1
46,79,"A",4
75,79,"A",2
96,79,"A",3
107,79,"A",16
7,79,"B",2
13,79,"B",1
18,79,"B",1
35,79,"B",1
46,79,"B",1
96,79,"B",20
107,79,"B",2
46,79,"C",3
75,79,"C",3
96,79,"C",14
107,79,"C",9
7,79,"D",3
18,79,"D",1
46,79,"D",3
75,79,"D",6
96,79,"D",8
104,79,"D",1
107,79,"D",23
7,79,"E",2
46,79,"E",1
96,79,"E",5
107,79,"E",23
60,80,"A",1
96,80,"A",1
105,80,"A",8
13,80,"B",1
96,80,"B",1
104,80,"B",13
107,80,"B",1
25,80,"C",1
96,80,"C",10
104,80,"C",36
96,80,"D",2
101,80,"D",1
104,80,"D",21
96,80,"E",3
104,80,"E",15
