;"Species";"site";"core";"Abun";"SpId"
"651";"Cyathura carinata";1;"A";"5";4
"766";"Eteone longa";1;"A";"2";1
"907";"Hediste diversicolor";1;"A";"5";2
"1144";"Hydrobia ulvae";1;"A";"1";5
"2087";"Streblospio shrubsolii";1;"A";"4";3
"652";"Cyathura carinata";1;"B";"3";4
"887";"Hediste diversicolor";1;"B";"6";2
"1198";"Hydrobia ulvae";1;"B";"1";5
"2113";"Streblospio shrubsolii";1;"B";"1";3
"2287";"Tubificoides pseudogaster";1;"B";"2";6
"25";"Abra tennuis";1;"C";"1";11
"699";"Cyathura carinata";1;"C";"5";4
"776";"Eteone longa";1;"C";"2";1
"893";"Hediste diversicolor";1;"C";"11";2
"1207";"Hydrobia ulvae";1;"C";"1";5
"1385";"Melinna palmata";1;"C";"1";7
"1780";"Ostracoda sp.";1;"C";"2";10
"1827";"Polydora cornuta";1;"C";"1";8
"2078";"Spionidae sp";1;"C";"1";9
"2109";"Streblospio shrubsolii";1;"C";"2";3
"2292";"Tubificoides pseudogaster";1;"C";"15";6
"606";"Corophium volutator";1;"D";"2";12
"694";"Cyathura carinata";1;"D";"1";4
"787";"Eteone longa";1;"D";"3";1
"968";"Hediste diversicolor";1;"D";"16";2
"1174";"Hydrobia ulvae";1;"D";"3";5
"2274";"Tubificoides pseudogaster";1;"D";"11";6
"642";"Cyathura carinata";1;"E";"7";4
"932";"Hediste diversicolor";1;"E";"8";2
"1143";"Hydrobia ulvae";1;"E";"2";5
"1753";"Ostracoda sp.";1;"E";"2";10
"2099";"Streblospio shrubsolii";1;"E";"2";3
"2265";"Tubificoides pseudogaster";1;"E";"2";6
"206";"Aphelochaeta marioni";2;"A";"1";13
"673";"Cyathura carinata";2;"A";"1";4
"727";"Desdemona ornata";2;"A";"1";14
"900";"Hediste diversicolor";2;"A";"6";2
"1698";"Nephtys hombergii";2;"A";"2";15
"2098";"Streblospio shrubsolii";2;"A";"1";3
"2316";"Tubificoides pseudogaster";2;"A";"1";6
"301";"Aphelochaeta marioni";2;"B";"1";13
"634";"Cyathura carinata";2;"B";"1";4
"906";"Hediste diversicolor";2;"B";"6";2
"2234";"Tubificoides benedii";2;"B";"1";16
"193";"Aphelochaeta marioni";2;"C";"2";13
"553";"Corophium volutator";2;"C";"1";12
"640";"Cyathura carinata";2;"C";"1";4
"910";"Hediste diversicolor";2;"C";"8";2
"1601";"Nephtys hombergii";2;"C";"2";15
"1760";"Ostracoda sp.";2;"C";"1";10
"160";"Aphelochaeta marioni";2;"D";"3";13
"916";"Hediste diversicolor";2;"D";"11";2
"1604";"Nephtys hombergii";2;"D";"2";15
"256";"Aphelochaeta marioni";2;"E";"2";13
"701";"Cyathura carinata";2;"E";"1";4
"919";"Hediste diversicolor";2;"E";"4";2
"1668";"Nephtys hombergii";2;"E";"5";15
"637";"Cyathura carinata";3;"A";"2";4
"1003";"Hediste diversicolor";3;"A";"13";2
"2163";"Tubificoides benedii";3;"A";"2";16
"621";"Crangon crangon";3;"B";"1";17
"685";"Cyathura carinata";3;"B";"1";4
"1006";"Hediste diversicolor";3;"B";"6";2
"1751";"Ostracoda sp.";3;"B";"6";10
"2130";"Streblospio shrubsolii";3;"B";"2";3
"2192";"Tubificoides benedii";3;"B";"4";16
"645";"Cyathura carinata";3;"C";"5";4
"792";"Eteone longa";3;"C";"1";1
"1013";"Hediste diversicolor";3;"C";"10";2
"1781";"Ostracoda sp.";3;"C";"4";10
"2110";"Streblospio shrubsolii";3;"C";"3";3
"2270";"Tubificoides pseudogaster";3;"C";"4";6
"633";"Cyathura carinata";3;"D";"5";4
"818";"Eteone longa";3;"D";"1";1
"911";"Hediste diversicolor";3;"D";"4";2
"664";"Cyathura carinata";3;"E";"3";4
"1021";"Hediste diversicolor";3;"E";"7";2
"2283";"Tubificoides pseudogaster";3;"E";"1";6
"595";"Corophium volutator";4;"A";"77";12
"724";"Desdemona ornata";4;"A";"5";14
"816";"Eteone longa";4;"A";"3";1
"1026";"Hediste diversicolor";4;"A";"9";2
"2100";"Streblospio shrubsolii";4;"A";"2";3
"585";"Corophium volutator";4;"B";"84";12
"666";"Cyathura carinata";4;"B";"6";4
"729";"Desdemona ornata";4;"B";"3";14
"770";"Eteone longa";4;"B";"2";1
"1122";"Hediste diversicolor";4;"B";"8";2
"2312";"Tubificoides pseudogaster";4;"B";"1";6
"170";"Aphelochaeta marioni";4;"C";"8";13
"607";"Corophium volutator";4;"C";"40";12
"703";"Cyathura carinata";4;"C";"2";4
"714";"Desdemona ornata";4;"C";"14";14
"777";"Eteone longa";4;"C";"2";1
"917";"Hediste diversicolor";4;"C";"10";2
"2124";"Streblospio shrubsolii";4;"C";"1";3
"566";"Corophium volutator";4;"D";"99";12
"710";"Cyathura carinata";4;"D";"1";4
"726";"Desdemona ornata";4;"D";"1";14
"922";"Hediste diversicolor";4;"D";"8";2
"1835";"Polydora cornuta";4;"D";"1";8
"1860";"Polydora sp";4;"D";"1";18
"2122";"Streblospio shrubsolii";4;"D";"2";3
"543";"Corophium arenarium";4;"E";"34";19
"656";"Cyathura carinata";4;"E";"3";4
"712";"Desdemona ornata";4;"E";"1";14
"809";"Eteone longa";4;"E";"1";1
"970";"Hediste diversicolor";4;"E";"6";2
"200";"Aphelochaeta marioni";5;"A";"1";13
"667";"Cyathura carinata";5;"A";"5";4
"728";"Desdemona ornata";5;"A";"1";14
"935";"Hediste diversicolor";5;"A";"3";2
"1195";"Hydrobia ulvae";5;"A";"4";5
"1782";"Ostracoda sp.";5;"A";"12";10
"1853";"Polydora cornuta";5;"A";"2";8
"2020";"Scrobicularia plana";5;"A";"5";20
"2267";"Tubificoides pseudogaster";5;"A";"21";6
"558";"Corophium volutator";5;"B";"1";12
"635";"Cyathura carinata";5;"B";"6";4
"942";"Hediste diversicolor";5;"B";"7";2
"1150";"Hydrobia ulvae";5;"B";"7";5
"1747";"Ostracoda sp.";5;"B";"2";10
"1841";"Polydora cornuta";5;"B";"1";8
"2019";"Scrobicularia plana";5;"B";"6";20
"2277";"Tubificoides pseudogaster";5;"B";"43";6
"672";"Cyathura carinata";5;"C";"10";4
"723";"Desdemona ornata";5;"C";"3";14
"991";"Hediste diversicolor";5;"C";"9";2
"1200";"Hydrobia ulvae";5;"C";"9";5
"1748";"Ostracoda sp.";5;"C";"1";10
"1824";"Polydora cornuta";5;"C";"2";8
"1855";"Polydora sp";5;"C";"2";18
"2027";"Scrobicularia plana";5;"C";"7";20
"2116";"Streblospio shrubsolii";5;"C";"5";3
"2297";"Tubificoides pseudogaster";5;"C";"46";6
"601";"Corophium volutator";5;"D";"1";12
"707";"Cyathura carinata";5;"D";"6";4
"780";"Eteone longa";5;"D";"1";1
"920";"Hediste diversicolor";5;"D";"7";2
"1266";"Hydrobia ulvae";5;"D";"9";5
"2013";"Scrobicularia plana";5;"D";"1";20
"2088";"Streblospio shrubsolii";5;"D";"1";3
"2345";"Tubificoides pseudogaster";5;"D";"53";6
"696";"Cyathura carinata";5;"E";"9";4
"718";"Desdemona ornata";5;"E";"1";14
"789";"Eteone longa";5;"E";"1";1
"929";"Hediste diversicolor";5;"E";"6";2
"1188";"Hydrobia ulvae";5;"E";"1";5
"1347";"Macoma balthica";5;"E";"1";21
"1838";"Polydora cornuta";5;"E";"2";8
"2129";"Streblospio shrubsolii";5;"E";"1";3
"2305";"Tubificoides pseudogaster";5;"E";"31";6
"285";"Aphelochaeta marioni";6;"A";"8";13
"589";"Corophium volutator";6;"A";"1";12
"978";"Hediste diversicolor";6;"A";"6";2
"1515";"Mya arenaria";6;"A";"1";22
"1787";"Ostracoda sp.";6;"A";"3";10
"2310";"Tubificoides pseudogaster";6;"A";"6";6
"271";"Aphelochaeta marioni";6;"B";"12";13
"800";"Eteone longa";6;"B";"1";1
"985";"Hediste diversicolor";6;"B";"9";2
"1191";"Hydrobia ulvae";6;"B";"1";5
"1508";"Mya arenaria";6;"B";"1";22
"2278";"Tubificoides pseudogaster";6;"B";"2";6
"219";"Aphelochaeta marioni";6;"C";"6";13
"681";"Cyathura carinata";6;"C";"1";4
"950";"Hediste diversicolor";6;"C";"12";2
"1642";"Nephtys hombergii";6;"C";"1";15
"2323";"Tubificoides pseudogaster";6;"C";"2";6
"222";"Aphelochaeta marioni";6;"D";"27";13
"657";"Cyathura carinata";6;"D";"2";4
"955";"Hediste diversicolor";6;"D";"12";2
"154";"Aphelochaeta marioni";6;"E";"11";13
"438";"Cerastoderma edule";6;"E";"2";23
"687";"Cyathura carinata";6;"E";"3";4
"814";"Eteone longa";6;"E";"2";1
"1071";"Hediste diversicolor";6;"E";"6";2
"1206";"Hydrobia ulvae";6;"E";"8";5
"1350";"Macoma balthica";6;"E";"1";21
"1504";"Mya arenaria";6;"E";"4";22
"1785";"Ostracoda sp.";6;"E";"15";10
"2024";"Scrobicularia plana";6;"E";"1";20
"2342";"Tubificoides pseudogaster";6;"E";"2";6
"266";"Aphelochaeta marioni";7;"A";"9";13
"808";"Eteone longa";7;"A";"1";1
"1088";"Hediste diversicolor";7;"A";"5";2
"1495";"Mya arenaria";7;"A";"1";22
"2115";"Streblospio shrubsolii";7;"A";"1";3
"2386";"Tubificoides sp.";7;"A";"2";24
"663";"Cyathura carinata";7;"B";"2";4
"897";"Hediste diversicolor";7;"B";"8";2
"1498";"Mya arenaria";7;"B";"2";22
"1681";"Nephtys hombergii";7;"B";"1";15
"1018";"Hediste diversicolor";7;"C";"5";2
"1524";"Mya arenaria";7;"C";"1";22
"277";"Aphelochaeta marioni";7;"D";"11";13
"441";"Cerastoderma edule";7;"D";"1";23
"797";"Eteone longa";7;"D";"1";1
"901";"Hediste diversicolor";7;"D";"12";2
"1254";"Hydrobia ulvae";7;"D";"1";5
"1531";"Mya arenaria";7;"D";"1";22
"2394";"Tubificoides sp.";7;"D";"1";24
"946";"Hediste diversicolor";7;"E";"1";2
"1477";"Mya arenaria";7;"E";"2";22
"574";"Corophium volutator";8;"A";"15";12
"949";"Hediste diversicolor";8;"A";"9";2
"2162";"Tubificoides benedii";8;"A";"1";16
"552";"Corophium volutator";8;"B";"19";12
"992";"Hediste diversicolor";8;"B";"13";2
"1746";"Ostracoda sp.";8;"B";"1";10
"2150";"Tubificoides benedii";8;"B";"2";16
"561";"Corophium volutator";8;"C";"14";12
"1101";"Hediste diversicolor";8;"C";"7";2
"2132";"Tubificoides benedii";8;"C";"1";16
"584";"Corophium volutator";8;"D";"11";12
"1040";"Hediste diversicolor";8;"D";"12";2
"2226";"Tubificoides benedii";8;"D";"3";16
"600";"Corophium volutator";8;"E";"14";12
"921";"Hediste diversicolor";8;"E";"9";2
"1457";"Microprotopus maculeatus";8;"E";"1";25
"2200";"Tubificoides benedii";8;"E";"4";16
"608";"Corophium volutator";9;"A";"22";12
"1112";"Hediste diversicolor";9;"A";"6";2
"1252";"Hydrobia ulvae";9;"A";"1";5
"556";"Corophium volutator";9;"B";"19";12
"697";"Cyathura carinata";9;"B";"1";4
"2182";"Tubificoides benedii";9;"B";"4";16
"565";"Corophium volutator";9;"C";"12";12
"931";"Hediste diversicolor";9;"C";"3";2
"580";"Corophium volutator";9;"D";"49";12
"933";"Hediste diversicolor";9;"D";"2";2
"581";"Corophium volutator";9;"E";"11";12
"1016";"Hediste diversicolor";9;"E";"2";2
"280";"Aphelochaeta marioni";10;"A";"1";13
"544";"Corophium arenarium";10;"A";"1";19
"693";"Cyathura carinata";10;"A";"4";4
"938";"Hediste diversicolor";10;"A";"7";2
"2014";"Scrobicularia plana";10;"A";"1";20
"2180";"Tubificoides benedii";10;"A";"2";16
"159";"Aphelochaeta marioni";10;"B";"2";13
"573";"Corophium volutator";10;"B";"3";12
"615";"Cossura longe";10;"B";"1";26
"702";"Cyathura carinata";10;"B";"4";4
"1066";"Hediste diversicolor";10;"B";"12";2
"1208";"Hydrobia ulvae";10;"B";"1";5
"1481";"Mya arenaria";10;"B";"2";22
"1852";"Polydora cornuta";10;"B";"1";8
"1858";"Polydora sp";10;"B";"2";18
"1948";"Ruditapes phillipinarum";10;"B";"1";27
"2011";"Scrobicularia plana";10;"B";"1";20
"2092";"Streblospio shrubsolii";10;"B";"2";3
"2173";"Tubificoides benedii";10;"B";"8";16
"2296";"Tubificoides pseudogaster";10;"B";"75";6
"165";"Aphelochaeta marioni";10;"C";"2";13
"579";"Corophium volutator";10;"C";"2";12
"650";"Cyathura carinata";10;"C";"5";4
"720";"Desdemona ornata";10;"C";"1";14
"779";"Eteone longa";10;"C";"6";1
"1081";"Hediste diversicolor";10;"C";"7";2
"1523";"Mya arenaria";10;"C";"1";22
"1843";"Polydora cornuta";10;"C";"2";8
"2103";"Streblospio shrubsolii";10;"C";"3";3
"2346";"Tubificoides pseudogaster";10;"C";"10";6
"284";"Aphelochaeta marioni";10;"D";"26";13
"434";"Cerastoderma edule";10;"D";"1";23
"646";"Cyathura carinata";10;"D";"9";4
"788";"Eteone longa";10;"D";"1";1
"1077";"Hediste diversicolor";10;"D";"12";2
"1219";"Hydrobia ulvae";10;"D";"5";5
"1826";"Polydora cornuta";10;"D";"1";8
"1862";"Polydora sp";10;"D";"6";18
"2037";"Scrobicularia plana";10;"D";"2";20
"2118";"Streblospio shrubsolii";10;"D";"1";3
"2341";"Tubificoides pseudogaster";10;"D";"15";6
"290";"Aphelochaeta marioni";10;"E";"96";13
"447";"Cerastoderma edule";10;"E";"1";23
"559";"Corophium volutator";10;"E";"1";12
"684";"Cyathura carinata";10;"E";"6";4
"795";"Eteone longa";10;"E";"1";1
"889";"Hediste diversicolor";10;"E";"18";2
"1137";"Hydrobia ulvae";10;"E";"5";5
"1844";"Polydora cornuta";10;"E";"1";8
"1857";"Polydora sp";10;"E";"4";18
"2018";"Scrobicularia plana";10;"E";"3";20
"2155";"Tubificoides benedii";10;"E";"2";16
"2317";"Tubificoides pseudogaster";10;"E";"81";6
"169";"Aphelochaeta marioni";11;"A";"224";13
"562";"Corophium volutator";11;"A";"1";12
"680";"Cyathura carinata";11;"A";"1";4
"1031";"Hediste diversicolor";11;"A";"21";2
"1346";"Macoma balthica";11;"A";"2";21
"1492";"Mya arenaria";11;"A";"1";22
"1895";"Pygospio elegans";11;"A";"1";28
"2178";"Tubificoides benedii";11;"A";"1";16
"31";"Abra tennuis";11;"B";"1";11
"162";"Aphelochaeta marioni";11;"B";"15";13
"517";"Cirratulidae (indet.)";11;"B";"1";29
"1069";"Hediste diversicolor";11;"B";"8";2
"1203";"Hydrobia ulvae";11;"B";"1";5
"1486";"Mya arenaria";11;"B";"1";22
"1758";"Ostracoda sp.";11;"B";"3";10
"54";"Abra tennuis";11;"C";"1";11
"261";"Aphelochaeta marioni";11;"C";"59";13
"456";"Cerastoderma edule";11;"C";"1";23
"705";"Cyathura carinata";11;"C";"3";4
"1109";"Hediste diversicolor";11;"C";"13";2
"2222";"Tubificoides benedii";11;"C";"2";16
"188";"Aphelochaeta marioni";11;"D";"22";13
"475";"Cerastoderma glaucum";11;"D";"1";30
"689";"Cyathura carinata";11;"D";"1";4
"803";"Eteone longa";11;"D";"2";1
"1055";"Hediste diversicolor";11;"D";"14";2
"1848";"Polydora cornuta";11;"D";"1";8
"190";"Aphelochaeta marioni";11;"E";"119";13
"653";"Cyathura carinata";11;"E";"1";4
"1095";"Hediste diversicolor";11;"E";"37";2
"1182";"Hydrobia ulvae";11;"E";"1";5
"1502";"Mya arenaria";11;"E";"2";22
"1834";"Polydora cornuta";11;"E";"3";8
"2204";"Tubificoides benedii";11;"E";"3";16
"1065";"Hediste diversicolor";12;"A";"1";2
"1511";"Mya arenaria";12;"A";"1";22
"279";"Aphelochaeta marioni";12;"B";"2";13
"987";"Hediste diversicolor";12;"B";"1";2
"1518";"Mya arenaria";12;"B";"2";22
"201";"Aphelochaeta marioni";12;"C";"2";13
"990";"Hediste diversicolor";12;"C";"6";2
"1262";"Hydrobia ulvae";12;"C";"1";5
"1544";"Neanthes virens";12;"C";"1";31
"2359";"Tubificoides sp.";12;"C";"1";24
"913";"Hediste diversicolor";12;"D";"1";2
"1629";"Nephtys hombergii";12;"D";"1";15
"194";"Aphelochaeta marioni";12;"E";"1";13
"1037";"Hediste diversicolor";12;"E";"1";2
"1493";"Mya arenaria";12;"E";"1";22
"10";"Abra tennuis";13;"A";"1";11
"1039";"Hediste diversicolor";13;"A";"16";2
"1242";"Hydrobia ulvae";13;"A";"2";5
"1002";"Hediste diversicolor";13;"B";"5";2
"1874";"Pomatochistus sp.";13;"B";"1";32
"1045";"Hediste diversicolor";13;"C";"22";2
"1265";"Hydrobia ulvae";13;"C";"5";5
"1373";"Macoma balthica";13;"C";"1";21
"2175";"Tubificoides benedii";13;"C";"2";16
"927";"Hediste diversicolor";13;"D";"4";2
"1846";"Polydora cornuta";13;"D";"1";8
"1952";"Ruditapes phillipinarum";13;"D";"1";27
"417";"Cerastoderma edule";13;"E";"1";23
"1051";"Hediste diversicolor";13;"E";"11";2
"1213";"Hydrobia ulvae";13;"E";"33";5
"2043";"Scrobicularia plana";13;"E";"1";20
"44";"Abra tennuis";14;"A";"7";11
"307";"Aphelochaeta marioni";14;"A";"1";13
"1179";"Hydrobia ulvae";14;"A";"27";5
"2255";"Tubificoides pseudogaster";14;"A";"1";6
"246";"Aphelochaeta marioni";14;"B";"6";13
"1060";"Hediste diversicolor";14;"B";"29";2
"1132";"Hydrobia ulvae";14;"B";"34";5
"1434";"Melita palmata";14;"B";"1";33
"1830";"Polydora cornuta";14;"B";"3";8
"1876";"Pomatochistus sp.";14;"B";"1";32
"2017";"Scrobicularia plana";14;"B";"2";20
"2250";"Tubificoides pseudogaster";14;"B";"1";6
"9";"Abra tennuis";14;"C";"5";11
"255";"Aphelochaeta marioni";14;"C";"8";13
"410";"Cerastoderma edule";14;"C";"1";23
"838";"Eusarsiella zostericola";14;"C";"1";34
"1028";"Hediste diversicolor";14;"C";"14";2
"1236";"Hydrobia ulvae";14;"C";"22";5
"1349";"Macoma balthica";14;"C";"1";21
"1473";"Mya arenaria";14;"C";"1";22
"1761";"Ostracoda sp.";14;"C";"2";10
"173";"Aphelochaeta marioni";14;"D";"8";13
"430";"Cerastoderma edule";14;"D";"1";23
"891";"Hediste diversicolor";14;"D";"28";2
"2008";"Scrobicularia plana";14;"D";"2";20
"57";"Abra tennuis";14;"E";"8";11
"325";"Arenicola marina";14;"E";"45";35
"722";"Desdemona ornata";14;"E";"1";14
"960";"Hediste diversicolor";14;"E";"19";2
"1205";"Hydrobia ulvae";14;"E";"40";5
"2332";"Tubificoides pseudogaster";14;"E";"4";6
"287";"Aphelochaeta marioni";15;"A";"5";13
"785";"Eteone longa";15;"A";"1";1
"925";"Hediste diversicolor";15;"A";"24";2
"1196";"Hydrobia ulvae";15;"A";"7";5
"1424";"Melita palmata";15;"A";"3";33
"1742";"Ostracoda sp.";15;"A";"1";10
"2127";"Streblospio shrubsolii";15;"A";"4";3
"2233";"Tubificoides benedii";15;"A";"2";16
"270";"Aphelochaeta marioni";15;"B";"1";13
"730";"Desdemona ornata";15;"B";"1";14
"851";"Gammarus locusta";15;"B";"1";36
"918";"Hediste diversicolor";15;"B";"22";2
"1221";"Hydrobia ulvae";15;"B";"1";5
"1364";"Macoma balthica";15;"B";"1";21
"1414";"Melita palmata";15;"B";"5";33
"1953";"Ruditapes phillipinarum";15;"B";"1";27
"2218";"Tubificoides benedii";15;"B";"2";16
"210";"Aphelochaeta marioni";15;"C";"4";13
"390";"Carcinus maenas";15;"C";"1";37
"853";"Gammarus locusta";15;"C";"1";36
"882";"Hediste diversicolor";15;"C";"23";2
"1227";"Hydrobia ulvae";15;"C";"2";5
"1425";"Melita palmata";15;"C";"2";33
"470";"Cerastoderma glaucum";15;"D";"2";30
"888";"Hediste diversicolor";15;"D";"22";2
"1149";"Hydrobia ulvae";15;"D";"5";5
"1411";"Melita palmata";15;"D";"1";33
"1950";"Ruditapes phillipinarum";15;"D";"1";27
"2263";"Tubificoides pseudogaster";15;"D";"3";6
"178";"Aphelochaeta marioni";15;"E";"3";13
"850";"Gammarus locusta";15;"E";"3";36
"994";"Hediste diversicolor";15;"E";"21";2
"1157";"Hydrobia ulvae";15;"E";"2";5
"1420";"Melita palmata";15;"E";"9";33
"1956";"Ruditapes phillipinarum";15;"E";"1";27
"300";"Aphelochaeta marioni";16;"A";"2";13
"1042";"Hediste diversicolor";16;"A";"1";2
"189";"Aphelochaeta marioni";16;"B";"1";13
"660";"Cyathura carinata";16;"B";"2";4
"885";"Hediste diversicolor";16;"B";"7";2
"1836";"Polydora cornuta";16;"B";"1";8
"220";"Aphelochaeta marioni";16;"C";"9";13
"1120";"Hediste diversicolor";16;"C";"7";2
"265";"Aphelochaeta marioni";16;"D";"12";13
"1008";"Hediste diversicolor";16;"D";"6";2
"224";"Aphelochaeta marioni";16;"E";"53";13
"611";"Corophium volutator";16;"E";"1";12
"677";"Cyathura carinata";16;"E";"1";4
"790";"Eteone longa";16;"E";"3";1
"930";"Hediste diversicolor";16;"E";"6";2
"1259";"Hydrobia ulvae";16;"E";"1";5
"1790";"Ostracoda sp.";16;"E";"1";10
"454";"Cerastoderma edule";17;"A";"1";23
"758";"Elminius modestus";17;"A";"79";38
"895";"Hediste diversicolor";17;"A";"20";2
"1327";"Liocarcinus arcuatus";17;"A";"1";39
"1335";"Littorina littorea";17;"A";"1";40
"1432";"Melita palmata";17;"A";"1";33
"1851";"Polydora cornuta";17;"A";"1";8
"1943";"Ruditapes phillipinarum";17;"A";"1";27
"100";"Amphibalanus improvisus";17;"B";"2";41
"196";"Aphelochaeta marioni";17;"B";"5";13
"383";"Carcinus maenas";17;"B";"1";37
"746";"Elminius modestus";17;"B";"2";38
"812";"Eteone longa";17;"B";"1";1
"1068";"Hediste diversicolor";17;"B";"21";2
"1193";"Hydrobia ulvae";17;"B";"6";5
"1415";"Melita palmata";17;"B";"2";33
"1833";"Polydora cornuta";17;"B";"2";8
"1933";"Ruditapes phillipinarum";17;"B";"2";27
"2012";"Scrobicularia plana";17;"B";"2";20
"2189";"Tubificoides benedii";17;"B";"12";16
"2249";"Tubificoides pseudogaster";17;"B";"6";6
"98";"Amphibalanus improvisus";17;"C";"5";41
"168";"Aphelochaeta marioni";17;"C";"2";13
"340";"Bryozoa indef.";17;"C";"1";43
"445";"Cerastoderma edule";17;"C";"1";23
"749";"Elminius modestus";17;"C";"95";38
"1104";"Hediste diversicolor";17;"C";"10";2
"1368";"Macoma balthica";17;"C";"1";21
"1537";"Mytilus edulis";17;"C";"1";42
"1543";"Neanthes virens";17;"C";"1";31
"1609";"Nephtys hombergii";17;"C";"1";15
"2201";"Tubificoides benedii";17;"C";"1";16
"2331";"Tubificoides pseudogaster";17;"C";"3";6
"254";"Aphelochaeta marioni";17;"D";"4";13
"537";"Copepoda: Harpacticoida";17;"D";"1";44
"750";"Elminius modestus";17;"D";"16";38
"1111";"Hediste diversicolor";17;"D";"2";2
"1418";"Melita palmata";17;"D";"1";33
"1533";"Mytilus edulis";17;"D";"1";42
"1945";"Ruditapes phillipinarum";17;"D";"6";27
"2145";"Tubificoides benedii";17;"D";"17";16
"896";"Hediste diversicolor";17;"E";"19";2
"1951";"Ruditapes phillipinarum";17;"E";"1";27
"2181";"Tubificoides benedii";17;"E";"2";16
"237";"Aphelochaeta marioni";18;"A";"1";13
"484";"Cerastoderma glaucum";18;"A";"1";30
"940";"Hediste diversicolor";18;"A";"2";2
"1505";"Mya arenaria";18;"A";"1";22
"1925";"Retusa ovata";18;"A";"1";45
"303";"Aphelochaeta marioni";18;"B";"2";13
"945";"Hediste diversicolor";18;"B";"2";2
"1190";"Hydrobia ulvae";18;"B";"1";5
"1367";"Macoma balthica";18;"B";"1";21
"1474";"Mya arenaria";18;"B";"1";22
"1937";"Ruditapes phillipinarum";18;"B";"1";27
"2035";"Scrobicularia plana";18;"B";"1";20
"1102";"Hediste diversicolor";18;"C";"1";2
"1721";"Nephtys kersivalensis";18;"C";"1";46
"211";"Aphelochaeta marioni";18;"D";"2";13
"1035";"Hediste diversicolor";18;"D";"1";2
"1183";"Hydrobia ulvae";18;"D";"2";5
"1634";"Nephtys hombergii";18;"D";"2";15
"1934";"Ruditapes phillipinarum";18;"D";"2";27
"288";"Aphelochaeta marioni";18;"E";"3";13
"411";"Cerastoderma edule";18;"E";"1";23
"487";"Cerastoderma glaucum";18;"E";"4";30
"1080";"Hediste diversicolor";18;"E";"2";2
"1264";"Hydrobia ulvae";18;"E";"1";5
"1701";"Nephtys hombergii";18;"E";"1";15
"2032";"Scrobicularia plana";18;"E";"1";20
"2102";"Streblospio shrubsolii";18;"E";"1";3
"2174";"Tubificoides benedii";18;"E";"1";16
"967";"Hediste diversicolor";19;"A";"3";2
"1241";"Hydrobia ulvae";19;"A";"1";5
"1647";"Nephtys hombergii";19;"A";"1";15
"185";"Aphelochaeta marioni";19;"B";"4";13
"890";"Hediste diversicolor";19;"B";"7";2
"229";"Aphelochaeta marioni";19;"C";"4";13
"973";"Hediste diversicolor";19;"C";"2";2
"1501";"Mya arenaria";19;"C";"1";22
"1540";"Neanthes virens";19;"C";"1";31
"1573";"Nemertina";19;"C";"1";47
"1667";"Nephtys hombergii";19;"C";"1";15
"274";"Aphelochaeta marioni";19;"D";"5";13
"465";"Cerastoderma edule";19;"D";"1";23
"1092";"Hediste diversicolor";19;"D";"5";2
"1372";"Macoma balthica";19;"D";"1";21
"263";"Aphelochaeta marioni";19;"E";"1";13
"1358";"Macoma balthica";19;"E";"1";21
"1686";"Nephtys hombergii";19;"E";"1";15
"244";"Aphelochaeta marioni";20;"A";"13";13
"806";"Eteone longa";20;"A";"1";1
"947";"Hediste diversicolor";20;"A";"9";2
"1151";"Hydrobia ulvae";20;"A";"3";5
"1837";"Polydora cornuta";20;"A";"1";8
"2177";"Tubificoides benedii";20;"A";"12";16
"2313";"Tubificoides pseudogaster";20;"A";"2";6
"164";"Aphelochaeta marioni";20;"B";"4";13
"898";"Hediste diversicolor";20;"B";"9";2
"2311";"Tubificoides pseudogaster";20;"B";"4";6
"209";"Aphelochaeta marioni";20;"C";"21";13
"996";"Hediste diversicolor";20;"C";"6";2
"2220";"Tubificoides benedii";20;"C";"15";16
"152";"Aphelochaeta marioni";20;"D";"6";13
"1044";"Hediste diversicolor";20;"D";"27";2
"2188";"Tubificoides benedii";20;"D";"3";16
"2247";"Tubificoides pseudogaster";20;"D";"14";6
"217";"Aphelochaeta marioni";20;"E";"8";13
"783";"Eteone longa";20;"E";"1";1
"923";"Hediste diversicolor";20;"E";"5";2
"2147";"Tubificoides benedii";20;"E";"1";16
"2295";"Tubificoides pseudogaster";20;"E";"6";6
"1007";"Hediste diversicolor";21;"A";"3";2
"1553";"Neanthes virens";21;"A";"1";31
"1571";"Nemertina";21;"A";"1";47
"2374";"Tubificoides sp.";21;"A";"1";24
"1214";"Hydrobia ulvae";21;"B";"1";5
"557";"Corophium volutator";21;"D";"1";12
"1113";"Hediste diversicolor";21;"D";"3";2
"1941";"Ruditapes phillipinarum";21;"D";"1";27
"283";"Aphelochaeta marioni";21;"E";"1";13
"597";"Corophium volutator";21;"E";"1";12
"976";"Hediste diversicolor";21;"E";"2";2
"240";"Aphelochaeta marioni";22;"A";"5";13
"1019";"Hediste diversicolor";22;"A";"1";2
"226";"Aphelochaeta marioni";22;"B";"111";13
"1022";"Hediste diversicolor";22;"B";"1";2
"1556";"Neanthes virens";22;"B";"2";31
"1660";"Nephtys hombergii";22;"B";"3";15
"2319";"Tubificoides pseudogaster";22;"B";"5";6
"2366";"Tubificoides sp.";22;"B";"22";24
"202";"Aphelochaeta marioni";22;"C";"2";13
"1547";"Neanthes virens";22;"C";"1";31
"1678";"Nephtys hombergii";22;"C";"1";15
"1759";"Ostracoda sp.";22;"C";"1";10
"2379";"Tubificoides sp.";22;"C";"11";24
"416";"Cerastoderma edule";22;"D";"1";23
"804";"Eteone longa";22;"D";"1";1
"1033";"Hediste diversicolor";22;"D";"1";2
"1586";"Neoamphitrite figulus";22;"D";"1";48
"1632";"Nephtys hombergii";22;"D";"2";15
"2125";"Streblospio shrubsolii";22;"D";"1";3
"2353";"Tubificoides sp.";22;"D";"5";24
"155";"Aphelochaeta marioni";22;"E";"6";13
"313";"Apseudes latreillii";22;"E";"1";49
"817";"Eteone longa";22;"E";"1";1
"836";"Eusarsiella zostericola";22;"E";"2";34
"1043";"Hediste diversicolor";22;"E";"1";2
"1323";"Liocarcinus arcuatus";22;"E";"1";39
"1549";"Neanthes virens";22;"E";"2";31
"2349";"Tubificoides sp.";22;"E";"3";24
"591";"Corophium volutator";23;"A";"67";12
"1114";"Hediste diversicolor";23;"A";"12";2
"1250";"Hydrobia ulvae";23;"A";"7";5
"1777";"Ostracoda sp.";23;"A";"8";10
"554";"Corophium volutator";23;"B";"57";12
"1050";"Hediste diversicolor";23;"B";"19";2
"1172";"Hydrobia ulvae";23;"B";"12";5
"1311";"Insecta larvae";23;"B";"1";50
"1769";"Ostracoda sp.";23;"B";"1";10
"598";"Corophium volutator";23;"C";"48";12
"894";"Hediste diversicolor";23;"C";"18";2
"1177";"Hydrobia ulvae";23;"C";"8";5
"1789";"Ostracoda sp.";23;"C";"109";10
"577";"Corophium volutator";23;"D";"7";12
"1117";"Hediste diversicolor";23;"D";"13";2
"1180";"Hydrobia ulvae";23;"D";"11";5
"1763";"Ostracoda sp.";23;"D";"51";10
"564";"Corophium volutator";23;"E";"26";12
"1023";"Hediste diversicolor";23;"E";"13";2
"1744";"Ostracoda sp.";23;"E";"58";10
"1189";"Hydrobia ulvae";24;"A";"1";5
"1691";"Nephtys hombergii";24;"A";"1";15
"2242";"Tubificoides benedii";24;"A";"2";16
"163";"Aphelochaeta marioni";24;"B";"2";13
"451";"Cerastoderma edule";24;"B";"1";23
"1147";"Hydrobia ulvae";24;"B";"14";5
"1484";"Mya arenaria";24;"B";"2";22
"1671";"Nephtys hombergii";24;"C";"3";15
"223";"Aphelochaeta marioni";24;"D";"8";13
"418";"Cerastoderma edule";24;"D";"1";23
"774";"Eteone longa";24;"D";"1";1
"1517";"Mya arenaria";24;"D";"1";22
"1633";"Nephtys hombergii";24;"D";"2";15
"2036";"Scrobicularia plana";24;"D";"1";20
"2134";"Tubificoides benedii";24;"D";"4";16
"2383";"Tubificoides sp.";24;"D";"2";24
"281";"Aphelochaeta marioni";24;"E";"2";13
"1356";"Macoma balthica";24;"E";"2";21
"2186";"Tubificoides benedii";24;"E";"3";16
"2358";"Tubificoides sp.";24;"E";"2";24
"24";"Abra tennuis";25;"A";"1";11
"458";"Cerastoderma edule";25;"A";"2";23
"679";"Cyathura carinata";25;"A";"1";4
"1082";"Hediste diversicolor";25;"A";"1";2
"250";"Aphelochaeta marioni";25;"B";"1";13
"1010";"Hediste diversicolor";25;"B";"3";2
"1572";"Nemertina";25;"B";"1";47
"419";"Cerastoderma edule";25;"C";"1";23
"1012";"Hediste diversicolor";25;"C";"5";2
"1409";"Melinna palmata";25;"C";"2";7
"1503";"Mya arenaria";25;"D";"1";22
"113";"Anaitides mucosa";25;"E";"1";51
"231";"Aphelochaeta marioni";25;"E";"12";13
"452";"Cerastoderma edule";25;"E";"2";23
"1059";"Hediste diversicolor";25;"E";"3";2
"1521";"Mya arenaria";25;"E";"4";22
"2196";"Tubificoides benedii";25;"E";"7";16
"2391";"Tubificoides sp.";25;"E";"2";24
"5";"Abra tennuis";26;"A";"1";11
"1153";"Hydrobia ulvae";26;"A";"13";5
"55";"Abra tennuis";26;"B";"1";11
"1229";"Hydrobia ulvae";26;"B";"4";5
"48";"Abra tennuis";26;"C";"7";11
"299";"Aphelochaeta marioni";26;"C";"1";13
"839";"Eusarsiella zostericola";26;"C";"3";34
"1135";"Hydrobia ulvae";26;"C";"13";5
"1490";"Mya arenaria";26;"C";"1";22
"1651";"Nephtys hombergii";26;"C";"1";15
"1920";"Retusa obtusa";26;"C";"2";52
"2016";"Scrobicularia plana";26;"C";"1";20
"2363";"Tubificoides sp.";26;"C";"2";24
"22";"Abra tennuis";26;"D";"7";11
"436";"Cerastoderma edule";26;"D";"1";23
"1064";"Hediste diversicolor";26;"D";"1";2
"1516";"Mya arenaria";26;"D";"1";22
"1607";"Nephtys hombergii";26;"D";"1";15
"1743";"Ostracoda sp.";26;"D";"5";10
"1913";"Retusa obtusa";26;"D";"1";52
"51";"Abra tennuis";26;"E";"15";11
"832";"Eusarsiella zostericola";26;"E";"6";34
"874";"Haminoea navicula";26;"E";"1";53
"1251";"Hydrobia ulvae";26;"E";"21";5
"1788";"Ostracoda sp.";26;"E";"5";10
"1909";"Retusa obtusa";26;"E";"6";52
"43";"Abra tennuis";27;"A";"1";11
"670";"Cyathura carinata";27;"A";"2";4
"1009";"Hediste diversicolor";27;"A";"8";2
"1243";"Hydrobia ulvae";27;"A";"5";5
"1752";"Ostracoda sp.";27;"A";"1";10
"298";"Aphelochaeta marioni";27;"B";"2";13
"648";"Cyathura carinata";27;"B";"1";4
"883";"Hediste diversicolor";27;"B";"5";2
"1261";"Hydrobia ulvae";27;"B";"2";5
"1792";"Ostracoda sp.";27;"B";"5";10
"39";"Abra tennuis";27;"C";"1";11
"643";"Cyathura carinata";27;"C";"1";4
"1116";"Hediste diversicolor";27;"C";"6";2
"1185";"Hydrobia ulvae";27;"C";"3";5
"1757";"Ostracoda sp.";27;"C";"5";10
"56";"Abra tennuis";27;"D";"2";11
"671";"Cyathura carinata";27;"D";"6";4
"1118";"Hediste diversicolor";27;"D";"7";2
"1145";"Hydrobia ulvae";27;"D";"16";5
"1786";"Ostracoda sp.";27;"D";"2";10
"166";"Aphelochaeta marioni";27;"E";"3";13
"690";"Cyathura carinata";27;"E";"5";4
"1072";"Hediste diversicolor";27;"E";"13";2
"1234";"Hydrobia ulvae";27;"E";"4";5
"1750";"Ostracoda sp.";27;"E";"2";10
"2159";"Tubificoides benedii";27;"E";"1";16
"995";"Hediste diversicolor";28;"A";"4";2
"1478";"Mya arenaria";28;"A";"1";22
"1593";"Nephtys hombergii";28;"A";"1";15
"1244";"Hydrobia ulvae";28;"B";"2";5
"1599";"Nephtys hombergii";28;"B";"1";15
"153";"Aphelochaeta marioni";28;"C";"4";13
"1041";"Hediste diversicolor";28;"C";"1";2
"1507";"Mya arenaria";28;"C";"1";22
"2293";"Tubificoides pseudogaster";28;"C";"1";6
"247";"Aphelochaeta marioni";28;"D";"1";13
"691";"Cyathura carinata";28;"D";"2";4
"1110";"Hediste diversicolor";28;"D";"1";2
"1253";"Hydrobia ulvae";28;"D";"1";5
"1370";"Macoma balthica";28;"D";"1";21
"1672";"Nephtys hombergii";28;"D";"1";15
"28";"Abra tennuis";28;"E";"2";11
"238";"Aphelochaeta marioni";28;"E";"2";13
"1052";"Hediste diversicolor";28;"E";"16";2
"1173";"Hydrobia ulvae";28;"E";"15";5
"1499";"Mya arenaria";28;"E";"1";22
"2";"Abra tennuis";29;"A";"1";11
"1216";"Hydrobia ulvae";29;"A";"1";5
"60";"Abra tennuis";29;"B";"2";11
"2007";"Scrobicularia plana";29;"B";"1";20
"64";"Abra tennuis";29;"C";"1";11
"1258";"Hydrobia ulvae";29;"C";"3";5
"1361";"Macoma balthica";29;"C";"1";21
"1669";"Nephtys hombergii";29;"C";"1";15
"2030";"Scrobicularia plana";29;"C";"1";20
"53";"Abra tennuis";29;"D";"2";11
"1146";"Hydrobia ulvae";29;"D";"2";5
"1702";"Nephtys hombergii";29;"D";"1";15
"1745";"Ostracoda sp.";29;"D";"1";10
"2039";"Scrobicularia plana";29;"D";"1";20
"1";"Abra tennuis";29;"E";"4";11
"989";"Hediste diversicolor";29;"E";"1";2
"1140";"Hydrobia ulvae";29;"E";"1";5
"1624";"Nephtys hombergii";29;"E";"1";15
"1910";"Retusa obtusa";29;"E";"1";52
"11";"Abra tennuis";30;"A";"9";11
"654";"Cyathura carinata";30;"A";"1";4
"952";"Hediste diversicolor";30;"A";"23";2
"1171";"Hydrobia ulvae";30;"A";"4";5
"1306";"Insecta larvae";30;"A";"3";50
"1765";"Ostracoda sp.";30;"A";"4";10
"2139";"Tubificoides benedii";30;"A";"3";16
"59";"Abra tennuis";30;"B";"18";11
"959";"Hediste diversicolor";30;"B";"10";2
"1230";"Hydrobia ulvae";30;"B";"1";5
"1304";"Insecta larvae";30;"B";"1";50
"65";"Abra tennuis";30;"C";"6";11
"590";"Corophium volutator";30;"C";"2";12
"668";"Cyathura carinata";30;"C";"1";4
"886";"Hediste diversicolor";30;"C";"17";2
"1211";"Hydrobia ulvae";30;"C";"8";5
"1309";"Insecta larvae";30;"C";"5";50
"1766";"Ostracoda sp.";30;"C";"3";10
"2123";"Streblospio shrubsolii";30;"C";"1";3
"2393";"Tubificoides sp.";30;"C";"3";24
"50";"Abra tennuis";30;"D";"4";11
"659";"Cyathura carinata";30;"D";"1";4
"904";"Hediste diversicolor";30;"D";"25";2
"1194";"Hydrobia ulvae";30;"D";"19";5
"1290";"Idotea chelipes";30;"D";"1";54
"1308";"Insecta larvae";30;"D";"2";50
"1500";"Mya arenaria";30;"D";"2";22
"1791";"Ostracoda sp.";30;"D";"1";10
"2144";"Tubificoides benedii";30;"D";"1";16
"15";"Abra tennuis";30;"E";"60";11
"1063";"Hediste diversicolor";30;"E";"17";2
"1186";"Hydrobia ulvae";30;"E";"15";5
"1301";"Insecta larvae";30;"E";"4";50
"1767";"Ostracoda sp.";30;"E";"21";10
"276";"Aphelochaeta marioni";31;"A";"4";13
"586";"Corophium volutator";31;"A";"1";12
"909";"Hediste diversicolor";31;"A";"1";2
"1565";"Nemertina";31;"A";"1";47
"1783";"Ostracoda sp.";31;"A";"1";10
"2294";"Tubificoides pseudogaster";31;"A";"1";6
"233";"Aphelochaeta marioni";31;"B";"14";13
"380";"Capitella capitata";31;"B";"1";55
"551";"Corophium volutator";31;"B";"14";12
"669";"Cyathura carinata";31;"B";"1";4
"1355";"Macoma balthica";31;"B";"1";21
"1583";"Nemertina";31;"B";"4";47
"2028";"Scrobicularia plana";31;"B";"1";20
"2135";"Tubificoides benedii";31;"B";"7";16
"473";"Cerastoderma glaucum";31;"C";"1";30
"602";"Corophium volutator";31;"C";"9";12
"636";"Cyathura carinata";31;"C";"1";4
"725";"Desdemona ornata";31;"C";"1";14
"768";"Eteone longa";31;"C";"1";1
"1569";"Nemertina";31;"C";"1";47
"2191";"Tubificoides benedii";31;"C";"5";16
"1568";"Nemertina";31;"D";"1";47
"2023";"Scrobicularia plana";31;"D";"1";20
"366";"Capitella capitata";31;"E";"4";55
"472";"Cerastoderma glaucum";31;"E";"1";30
"575";"Corophium volutator";31;"E";"2";12
"1582";"Nemertina";31;"E";"2";47
"1828";"Polydora cornuta";31;"E";"1";8
"1940";"Ruditapes phillipinarum";31;"E";"2";27
"2206";"Tubificoides benedii";31;"E";"5";16
"1276";"Hydrobia ulvae";32;"A";"7";5
"2086";"Streblospio shrubsolii";32;"A";"1";3
"1100";"Hediste diversicolor";32;"B";"2";2
"1661";"Nephtys hombergii";32;"B";"1";15
"1764";"Ostracoda sp.";32;"B";"1";10
"27";"Abra tennuis";32;"C";"1";11
"453";"Cerastoderma edule";32;"C";"1";23
"1491";"Mya arenaria";32;"C";"1";22
"20";"Abra tennuis";32;"D";"1";11
"765";"Eteone foliosa";32;"D";"1";56
"1665";"Nephtys hombergii";32;"D";"1";15
"2236";"Tubificoides benedii";32;"D";"3";16
"176";"Aphelochaeta marioni";32;"E";"39";13
"406";"Cerastoderma edule";32;"E";"2";23
"618";"Crangon crangon";32;"E";"1";17
"908";"Hediste diversicolor";32;"E";"1";2
"1348";"Macoma balthica";32;"E";"1";21
"1628";"Nephtys hombergii";32;"E";"1";15
"2128";"Streblospio shrubsolii";32;"E";"1";3
"2371";"Tubificoides sp.";32;"E";"23";24
"399";"Caulleriella zetlandica";33;"A";"1";57
"1595";"Nephtys hombergii";33;"A";"2";15
"1906";"Pygospio elegans";33;"A";"1";28
"2070";"Spio martinensis";33;"A";"1";58
"395";"Caulleriella zetlandica";33;"B";"1";57
"868";"Glycera tridactyla";33;"B";"1";59
"1247";"Hydrobia ulvae";33;"B";"2";5
"1977";"Scoloplos armiger";33;"B";"1";60
"2054";"Solen marginatus";33;"B";"1";61
"2069";"Spio martinensis";33;"B";"2";58
"392";"Caulleriella zetlandica";33;"C";"1";57
"620";"Crangon crangon";33;"C";"1";17
"1675";"Nephtys hombergii";33;"C";"1";15
"1840";"Polydora cornuta";33;"C";"1";8
"1901";"Pygospio elegans";33;"C";"1";28
"2002";"Scoloplos armiger";33;"C";"1";60
"79";"Ampelisca brevicornis";33;"D";"2";62
"740";"Dosinia lupinus";33;"D";"1";63
"1591";"Nephtys hombergii";33;"D";"1";15
"1994";"Scoloplos armiger";33;"D";"3";60
"2072";"Spio martinensis";33;"D";"3";58
"1689";"Nephtys hombergii";33;"E";"2";15
"1839";"Polydora cornuta";33;"E";"1";8
"1991";"Scoloplos armiger";33;"E";"2";60
"1224";"Hydrobia ulvae";34;"A";"6";5
"236";"Aphelochaeta marioni";34;"B";"3";13
"354";"Capitella capitata";34;"B";"1";55
"1136";"Hydrobia ulvae";34;"B";"37";5
"2373";"Tubificoides sp.";34;"B";"3";24
"1187";"Hydrobia ulvae";34;"C";"9";5
"1231";"Hydrobia ulvae";34;"D";"7";5
"2372";"Tubificoides sp.";34;"D";"1";24
"1175";"Hydrobia ulvae";34;"E";"8";5
"1756";"Ostracoda sp.";34;"E";"3";10
"2384";"Tubificoides sp.";34;"E";"2";24
"13";"Abra tennuis";35;"A";"1";11
"177";"Aphelochaeta marioni";35;"A";"3";13
"692";"Cyathura carinata";35;"A";"2";4
"844";"Eusarsiella zostericola";35;"A";"1";34
"1034";"Hediste diversicolor";35;"A";"47";2
"2362";"Tubificoides sp.";35;"A";"1";24
"63";"Abra tennuis";35;"B";"4";11
"183";"Aphelochaeta marioni";35;"B";"9";13
"523";"Cirratulidae (indet.)";35;"B";"2";29
"674";"Cyathura carinata";35;"B";"5";4
"778";"Eteone longa";35;"B";"2";1
"835";"Eusarsiella zostericola";35;"B";"2";34
"1070";"Hediste diversicolor";35;"B";"61";2
"1271";"Hydrobia ulvae";35;"B";"1";5
"1530";"Mya arenaria";35;"B";"1";22
"1784";"Ostracoda sp.";35;"B";"5";10
"1916";"Retusa obtusa";35;"B";"2";52
"2094";"Streblospio shrubsolii";35;"B";"11";3
"32";"Abra tennuis";35;"C";"3";11
"264";"Aphelochaeta marioni";35;"C";"2";13
"422";"Cerastoderma edule";35;"C";"1";23
"695";"Cyathura carinata";35;"C";"3";4
"1091";"Hediste diversicolor";35;"C";"19";2
"1519";"Mya arenaria";35;"C";"1";22
"1793";"Ostracoda sp.";35;"C";"2";10
"37";"Abra tennuis";35;"D";"1";11
"295";"Aphelochaeta marioni";35;"D";"14";13
"665";"Cyathura carinata";35;"D";"3";4
"936";"Hediste diversicolor";35;"D";"88";2
"1167";"Hydrobia ulvae";35;"D";"2";5
"1366";"Macoma balthica";35;"D";"1";21
"1918";"Retusa obtusa";35;"D";"1";52
"2095";"Streblospio shrubsolii";35;"D";"3";3
"2385";"Tubificoides sp.";35;"D";"8";24
"12";"Abra tennuis";35;"E";"2";11
"273";"Aphelochaeta marioni";35;"E";"1";13
"440";"Cerastoderma edule";35;"E";"1";23
"661";"Cyathura carinata";35;"E";"2";4
"1056";"Hediste diversicolor";35;"E";"19";2
"1232";"Hydrobia ulvae";35;"E";"2";5
"1345";"Macoma balthica";35;"E";"1";21
"1779";"Ostracoda sp.";35;"E";"4";10
"1907";"Retusa obtusa";35;"E";"2";52
"432";"Cerastoderma edule";36;"A";"1";23
"682";"Cyathura carinata";36;"A";"2";4
"1075";"Hediste diversicolor";36;"A";"29";2
"1482";"Mya arenaria";36;"A";"1";22
"1616";"Nephtys hombergii";36;"A";"1";15
"2111";"Streblospio shrubsolii";36;"A";"1";3
"2259";"Tubificoides pseudogaster";36;"A";"1";6
"23";"Abra tennuis";36;"B";"1";11
"289";"Aphelochaeta marioni";36;"B";"3";13
"678";"Cyathura carinata";36;"B";"1";4
"837";"Eusarsiella zostericola";36;"B";"1";34
"1001";"Hediste diversicolor";36;"B";"35";2
"1613";"Nephtys hombergii";36;"B";"2";15
"2021";"Scrobicularia plana";36;"B";"1";20
"262";"Aphelochaeta marioni";36;"C";"1";13
"802";"Eteone longa";36;"C";"1";1
"1106";"Hediste diversicolor";36;"C";"25";2
"1365";"Macoma balthica";36;"C";"1";21
"2022";"Scrobicularia plana";36;"C";"1";20
"2171";"Tubificoides benedii";36;"C";"1";16
"834";"Eusarsiella zostericola";36;"D";"1";34
"1054";"Hediste diversicolor";36;"D";"31";2
"1497";"Mya arenaria";36;"D";"1";22
"2097";"Streblospio shrubsolii";36;"D";"2";3
"2340";"Tubificoides pseudogaster";36;"D";"1";6
"1123";"Hediste diversicolor";36;"E";"1";2
"1300";"Insecta indet";36;"E";"1";64
"1020";"Hediste diversicolor";37;"A";"9";2
"1392";"Melinna palmata";37;"A";"1";7
"225";"Aphelochaeta marioni";37;"B";"5";13
"370";"Capitella capitata";37;"B";"1";55
"688";"Cyathura carinata";37;"B";"2";4
"1024";"Hediste diversicolor";37;"B";"21";2
"2041";"Scrobicularia plana";37;"B";"2";20
"2112";"Streblospio shrubsolii";37;"B";"1";3
"282";"Aphelochaeta marioni";37;"C";"2";13
"700";"Cyathura carinata";37;"C";"2";4
"1058";"Hediste diversicolor";37;"C";"18";2
"1397";"Melinna palmata";37;"C";"1";7
"249";"Aphelochaeta marioni";37;"D";"2";13
"912";"Hediste diversicolor";37;"D";"6";2
"2260";"Tubificoides pseudogaster";37;"D";"1";6
"647";"Cyathura carinata";37;"E";"1";4
"914";"Hediste diversicolor";37;"E";"7";2
"1387";"Melinna palmata";37;"E";"1";7
"2106";"Streblospio shrubsolii";37;"E";"1";3
"187";"Aphelochaeta marioni";38;"A";"11";13
"662";"Cyathura carinata";38;"A";"7";4
"794";"Eteone longa";38;"A";"1";1
"1017";"Hediste diversicolor";38;"A";"7";2
"1949";"Ruditapes phillipinarum";38;"A";"1";27
"2101";"Streblospio shrubsolii";38;"A";"1";3
"218";"Aphelochaeta marioni";38;"B";"3";13
"593";"Corophium volutator";38;"B";"2";12
"683";"Cyathura carinata";38;"B";"6";4
"1049";"Hediste diversicolor";38;"B";"5";2
"1267";"Hydrobia ulvae";38;"B";"1";5
"1386";"Melinna palmata";38;"B";"1";7
"1528";"Mya arenaria";38;"B";"1";22
"588";"Corophium volutator";38;"C";"1";12
"686";"Cyathura carinata";38;"C";"5";4
"1053";"Hediste diversicolor";38;"C";"2";2
"2142";"Tubificoides benedii";38;"C";"1";16
"592";"Corophium volutator";38;"D";"1";12
"675";"Cyathura carinata";38;"D";"4";4
"1139";"Hydrobia ulvae";38;"D";"1";5
"467";"Cerastoderma edule";38;"E";"2";23
"576";"Corophium volutator";38;"E";"2";12
"704";"Cyathura carinata";38;"E";"3";4
"1061";"Hediste diversicolor";38;"E";"2";2
"1170";"Hydrobia ulvae";38;"E";"1";5
"1485";"Mya arenaria";38;"E";"1";22
"1954";"Ruditapes phillipinarum";38;"E";"1";27
"2042";"Scrobicularia plana";38;"E";"1";20
"228";"Aphelochaeta marioni";39;"A";"4";13
"425";"Cerastoderma edule";39;"A";"1";23
"525";"Cirratulidae (indet.)";39;"A";"2";29
"948";"Hediste diversicolor";39;"A";"3";2
"1324";"Liocarcinus arcuatus";39;"A";"1";39
"1404";"Melinna palmata";39;"A";"2";7
"1459";"Microprotopus maculeatus";39;"A";"4";25
"1947";"Ruditapes phillipinarum";39;"A";"1";27
"2348";"Tubificoides sp.";39;"A";"5";24
"182";"Aphelochaeta marioni";39;"B";"4";13
"610";"Corophium volutator";39;"B";"1";12
"956";"Hediste diversicolor";39;"B";"3";2
"1401";"Melinna palmata";39;"B";"2";7
"1510";"Mya arenaria";39;"B";"2";22
"1598";"Nephtys hombergii";39;"B";"2";15
"2157";"Tubificoides benedii";39;"B";"11";16
"91";"Ampharete balthica";39;"C";"1";65
"286";"Aphelochaeta marioni";39;"C";"56";13
"349";"Capitella capitata";39;"C";"1";55
"520";"Cirratulidae (indet.)";39;"C";"7";29
"1087";"Hediste diversicolor";39;"C";"1";2
"1399";"Melinna palmata";39;"C";"3";7
"1463";"Microprotopus maculeatus";39;"C";"1";25
"1559";"Neanthes virens";39;"C";"1";31
"1615";"Nephtys hombergii";39;"C";"3";15
"2131";"Tubificoides benedii";39;"C";"92";16
"371";"Capitella capitata";39;"D";"1";55
"763";"Eteone foliosa";39;"D";"1";56
"934";"Hediste diversicolor";39;"D";"2";2
"1400";"Melinna palmata";39;"D";"1";7
"1626";"Nephtys hombergii";39;"D";"1";15
"1774";"Ostracoda sp.";39;"D";"2";10
"2211";"Tubificoides benedii";39;"D";"37";16
"464";"Cerastoderma edule";39;"E";"2";23
"980";"Hediste diversicolor";39;"E";"1";2
"1353";"Macoma balthica";39;"E";"1";21
"1408";"Melinna palmata";39;"E";"1";7
"2243";"Tubificoides benedii";40;"A";"4";16
"88";"Ampharete balthica";40;"B";"1";65
"1201";"Hydrobia ulvae";40;"B";"1";5
"2375";"Tubificoides sp.";40;"B";"34";24
"92";"Ampharete balthica";40;"C";"3";65
"405";"Cerastoderma edule";40;"C";"1";23
"641";"Cyathura carinata";40;"C";"1";4
"1134";"Hydrobia ulvae";40;"C";"2";5
"1293";"Idotea chelipes";40;"C";"1";54
"1908";"Retusa obtusa";40;"C";"2";52
"2212";"Tubificoides benedii";40;"C";"18";16
"112";"Anaitides mucosa";40;"D";"1";51
"319";"Arenicola marina";40;"D";"1";35
"376";"Capitella capitata";40;"D";"1";55
"413";"Cerastoderma edule";40;"D";"1";23
"1393";"Melinna palmata";40;"D";"3";7
"1724";"Nephtys kersivalensis";40;"D";"1";46
"2137";"Tubificoides benedii";40;"D";"3";16
"2328";"Tubificoides pseudogaster";40;"D";"5";6
"404";"Cerastoderma edule";40;"E";"1";23
"1627";"Nephtys hombergii";40;"E";"1";15
"2321";"Tubificoides pseudogaster";40;"E";"4";6
"272";"Aphelochaeta marioni";41;"A";"5";13
"786";"Eteone longa";41;"A";"2";1
"1084";"Hediste diversicolor";41;"A";"2";2
"1541";"Neanthes virens";41;"A";"1";31
"2006";"Scoloplos armiger";41;"A";"1";60
"2075";"Spionidae sp";41;"A";"1";9
"2329";"Tubificoides pseudogaster";41;"A";"26";6
"141";"Anaitides mucosa";41;"B";"1";51
"302";"Aphelochaeta marioni";41;"B";"2";13
"974";"Hediste diversicolor";41;"B";"4";2
"1389";"Melinna palmata";41;"B";"2";7
"1465";"Microprotopus maculeatus";41;"B";"1";25
"1514";"Mya arenaria";41;"B";"1";22
"1679";"Nephtys hombergii";41;"B";"1";15
"1985";"Scoloplos armiger";41;"B";"1";60
"2337";"Tubificoides pseudogaster";41;"B";"14";6
"70";"Alderia modesta";41;"C";"1";66
"137";"Anaitides mucosa";41;"C";"1";51
"199";"Aphelochaeta marioni";41;"C";"2";13
"902";"Hediste diversicolor";41;"C";"16";2
"1461";"Microprotopus maculeatus";41;"C";"1";25
"1713";"Nephtys kersivalensis";41;"C";"2";46
"2000";"Scoloplos armiger";41;"C";"3";60
"2318";"Tubificoides pseudogaster";41;"C";"33";6
"439";"Cerastoderma edule";41;"D";"1";23
"867";"Glycera tridactyla";41;"D";"1";59
"1107";"Hediste diversicolor";41;"D";"4";2
"1396";"Melinna palmata";41;"D";"4";7
"1975";"Scoloplos armiger";41;"D";"3";60
"181";"Aphelochaeta marioni";41;"E";"1";13
"378";"Capitella capitata";41;"E";"2";55
"476";"Cerastoderma glaucum";41;"E";"1";30
"833";"Eusarsiella zostericola";41;"E";"1";34
"1096";"Hediste diversicolor";41;"E";"8";2
"1382";"Mediomastus fragilis";41;"E";"1";67
"1479";"Mya arenaria";41;"E";"2";22
"1618";"Nephtys hombergii";41;"E";"1";15
"1845";"Polydora cornuta";41;"E";"1";8
"2001";"Scoloplos armiger";41;"E";"1";60
"2343";"Tubificoides pseudogaster";41;"E";"12";6
"117";"Anaitides mucosa";42;"A";"1";51
"221";"Aphelochaeta marioni";42;"A";"6";13
"468";"Cerastoderma edule";42;"A";"1";23
"509";"Chironomidae";42;"A";"1";69
"815";"Eteone longa";42;"A";"1";1
"1249";"Hydrobia ulvae";42;"A";"3";5
"1287";"Idotea chelipes";42;"A";"4";54
"1525";"Mya arenaria";42;"A";"1";22
"1808";"Parvicardium exiguum";42;"A";"1";68
"2040";"Scrobicularia plana";42;"A";"5";20
"260";"Aphelochaeta marioni";42;"B";"1";13
"350";"Capitella capitata";42;"B";"2";55
"461";"Cerastoderma edule";42;"B";"1";23
"1209";"Hydrobia ulvae";42;"B";"1";5
"1281";"Idotea balthica";42;"B";"1";70
"1286";"Idotea chelipes";42;"B";"10";54
"1450";"Microprotopus maculeatus";42;"B";"2";25
"1961";"Ruditapes phillipinarum";42;"B";"1";27
"2015";"Scrobicularia plana";42;"B";"12";20
"157";"Aphelochaeta marioni";42;"C";"5";13
"372";"Capitella capitata";42;"C";"25";55
"423";"Cerastoderma edule";42;"C";"1";23
"501";"Chironomidae";42;"C";"2";69
"1295";"Idotea chelipes";42;"C";"1";54
"1427";"Melita palmata";42;"C";"1";33
"1476";"Mya arenaria";42;"C";"2";22
"1581";"Nemertina";42;"C";"2";47
"2029";"Scrobicularia plana";42;"C";"6";20
"1564";"Nemertina";42;"D";"1";47
"1936";"Ruditapes phillipinarum";42;"D";"1";27
"2009";"Scrobicularia plana";42;"D";"1";20
"379";"Capitella capitata";42;"E";"1";55
"508";"Chironomidae";42;"E";"32";69
"1294";"Idotea chelipes";42;"E";"5";54
"1467";"Microprotopus maculeatus";42;"E";"1";25
"1576";"Nemertina";42;"E";"1";47
"414";"Cerastoderma edule";43;"A";"1";23
"1273";"Hydrobia ulvae";43;"A";"48";5
"1579";"Nemertina";43;"A";"1";47
"1773";"Ostracoda sp.";43;"A";"1";10
"1962";"Ruditapes phillipinarum";43;"A";"1";27
"2202";"Tubificoides benedii";43;"A";"1";16
"488";"Cerastoderma glaucum";43;"B";"1";30
"1821";"Polycirrus sp";43;"B";"2";71
"2152";"Tubificoides benedii";43;"B";"5";16
"239";"Aphelochaeta marioni";43;"C";"1";13
"482";"Cerastoderma glaucum";43;"C";"1";30
"1240";"Hydrobia ulvae";43;"C";"3";5
"2239";"Tubificoides benedii";43;"C";"10";16
"474";"Cerastoderma glaucum";43;"D";"1";30
"1822";"Polycirrus sp";43;"D";"1";71
"2199";"Tubificoides benedii";43;"D";"26";16
"409";"Cerastoderma edule";43;"E";"1";23
"2203";"Tubificoides benedii";43;"E";"12";16
"297";"Aphelochaeta marioni";44;"A";"8";13
"798";"Eteone longa";44;"A";"1";1
"979";"Hediste diversicolor";44;"A";"2";2
"1555";"Neanthes virens";44;"A";"1";31
"1592";"Nephtys hombergii";44;"A";"2";15
"2262";"Tubificoides pseudogaster";44;"A";"13";6
"304";"Aphelochaeta marioni";44;"B";"19";13
"984";"Hediste diversicolor";44;"B";"3";2
"1371";"Macoma balthica";44;"B";"1";21
"1496";"Mya arenaria";44;"B";"1";22
"2279";"Tubificoides pseudogaster";44;"B";"19";6
"243";"Aphelochaeta marioni";44;"C";"11";13
"769";"Eteone longa";44;"C";"1";1
"881";"Hediste diversicolor";44;"C";"3";2
"1354";"Macoma balthica";44;"C";"1";21
"1545";"Neanthes virens";44;"C";"2";31
"2344";"Tubificoides pseudogaster";44;"C";"5";6
"195";"Aphelochaeta marioni";44;"D";"8";13
"775";"Eteone longa";44;"D";"1";1
"915";"Hediste diversicolor";44;"D";"2";2
"1552";"Neanthes virens";44;"D";"1";31
"1602";"Nephtys hombergii";44;"D";"2";15
"2252";"Tubificoides pseudogaster";44;"D";"13";6
"174";"Aphelochaeta marioni";44;"E";"3";13
"415";"Cerastoderma edule";44;"E";"1";23
"962";"Hediste diversicolor";44;"E";"4";2
"1542";"Neanthes virens";44;"E";"1";31
"2257";"Tubificoides pseudogaster";44;"E";"11";6
"495";"Chaetozone christii";45;"A";"1";72
"604";"Corophium volutator";45;"A";"35";12
"843";"Eusarsiella zostericola";45;"A";"4";34
"1086";"Hediste diversicolor";45;"A";"6";2
"1217";"Hydrobia ulvae";45;"A";"14";5
"1574";"Nemertina";45;"A";"1";47
"1886";"Pseudopolydora paucibranchiata";45;"A";"1";73
"2208";"Tubificoides benedii";45;"A";"5";16
"599";"Corophium volutator";45;"B";"28";12
"1015";"Hediste diversicolor";45;"B";"5";2
"1772";"Ostracoda sp.";45;"B";"1";10
"2352";"Tubificoides sp.";45;"B";"18";24
"41";"Abra tennuis";45;"C";"1";11
"578";"Corophium volutator";45;"C";"88";12
"880";"Hediste diversicolor";45;"C";"4";2
"1168";"Hydrobia ulvae";45;"C";"18";5
"1778";"Ostracoda sp.";45;"C";"8";10
"1960";"Ruditapes phillipinarum";45;"C";"1";27
"2221";"Tubificoides benedii";45;"C";"14";16
"424";"Cerastoderma edule";45;"D";"1";23
"567";"Corophium volutator";45;"D";"24";12
"903";"Hediste diversicolor";45;"D";"5";2
"1162";"Hydrobia ulvae";45;"D";"24";5
"1749";"Ostracoda sp.";45;"D";"7";10
"2219";"Tubificoides benedii";45;"D";"31";16
"191";"Aphelochaeta marioni";45;"E";"2";13
"572";"Corophium volutator";45;"E";"45";12
"875";"Haminoea navicula";45;"E";"1";53
"1074";"Hediste diversicolor";45;"E";"3";2
"1212";"Hydrobia ulvae";45;"E";"5";5
"1776";"Ostracoda sp.";45;"E";"1";10
"2138";"Tubificoides benedii";45;"E";"48";16
"90";"Ampharete balthica";46;"A";"1";65
"1085";"Hediste diversicolor";46;"A";"1";2
"1256";"Hydrobia ulvae";46;"A";"7";5
"1819";"Polycirrus sp";46;"A";"3";71
"2198";"Tubificoides benedii";46;"A";"3";16
"115";"Anaitides mucosa";46;"B";"1";51
"257";"Aphelochaeta marioni";46;"B";"1";13
"388";"Carcinus maenas";46;"B";"1";37
"481";"Cerastoderma glaucum";46;"B";"1";30
"807";"Eteone longa";46;"B";"1";1
"1115";"Hediste diversicolor";46;"B";"1";2
"1199";"Hydrobia ulvae";46;"B";"1";5
"1922";"Retusa obtusa";46;"B";"3";52
"2120";"Streblospio shrubsolii";46;"B";"8";3
"2215";"Tubificoides benedii";46;"B";"7";16
"14";"Abra tennuis";46;"C";"2";11
"518";"Cirratulidae (indet.)";46;"C";"1";29
"631";"Cyathura carinata";46;"C";"1";4
"972";"Hediste diversicolor";46;"C";"18";2
"1184";"Hydrobia ulvae";46;"C";"6";5
"1470";"Microprotopus maculeatus";46;"C";"1";25
"1551";"Neanthes virens";46;"C";"1";31
"1912";"Retusa obtusa";46;"C";"3";52
"2090";"Streblospio shrubsolii";46;"C";"6";3
"2230";"Tubificoides benedii";46;"C";"1";16
"1166";"Hydrobia ulvae";46;"D";"3";5
"1921";"Retusa obtusa";46;"D";"2";52
"46";"Abra tennuis";46;"E";"3";11
"644";"Cyathura carinata";46;"E";"1";4
"1228";"Hydrobia ulvae";46;"E";"6";5
"1453";"Microprotopus maculeatus";46;"E";"1";25
"2149";"Tubificoides benedii";46;"E";"1";16
"408";"Cerastoderma edule";47;"A";"1";23
"905";"Hediste diversicolor";47;"A";"9";2
"1472";"Mya arenaria";47;"A";"7";22
"1639";"Nephtys hombergii";47;"A";"1";15
"30";"Abra tennuis";47;"B";"3";11
"479";"Cerastoderma glaucum";47;"B";"1";30
"772";"Eteone longa";47;"B";"3";1
"873";"Haminoea navicula";47;"B";"1";53
"953";"Hediste diversicolor";47;"B";"14";2
"1475";"Mya arenaria";47;"B";"4";22
"1635";"Nephtys hombergii";47;"B";"5";15
"1755";"Ostracoda sp.";47;"B";"1";10
"2225";"Tubificoides benedii";47;"B";"2";16
"2369";"Tubificoides sp.";47;"B";"1";24
"466";"Cerastoderma edule";47;"C";"1";23
"878";"Hediste diversicolor";47;"C";"8";2
"1512";"Mya arenaria";47;"C";"5";22
"1641";"Nephtys hombergii";47;"C";"1";15
"2193";"Tubificoides benedii";47;"C";"1";16
"431";"Cerastoderma edule";47;"D";"1";23
"1089";"Hediste diversicolor";47;"D";"6";2
"1608";"Nephtys hombergii";47;"D";"2";15
"108";"Amphipholis squamata";47;"E";"1";74
"215";"Aphelochaeta marioni";47;"E";"1";13
"1093";"Hediste diversicolor";47;"E";"5";2
"1697";"Nephtys hombergii";47;"E";"3";15
"2241";"Tubificoides benedii";47;"E";"1";16
"389";"Carcinus maenas";48;"A";"1";37
"1468";"Microprotopus maculeatus";48;"A";"2";25
"1682";"Nephtys hombergii";48;"A";"1";15
"1707";"Nephtys kersivalensis";48;"A";"1";46
"2245";"Tubificoides pseudogaster";48;"A";"3";6
"142";"Anaitides mucosa";48;"B";"1";51
"198";"Aphelochaeta marioni";48;"B";"12";13
"460";"Cerastoderma edule";48;"B";"1";23
"982";"Hediste diversicolor";48;"B";"3";2
"1451";"Microprotopus maculeatus";48;"B";"1";25
"1631";"Nephtys hombergii";48;"B";"6";15
"1849";"Polydora cornuta";48;"B";"1";8
"2307";"Tubificoides pseudogaster";48;"B";"5";6
"161";"Aphelochaeta marioni";48;"C";"1";13
"2254";"Tubificoides pseudogaster";48;"C";"1";6
"248";"Aphelochaeta marioni";48;"D";"1";13
"1683";"Nephtys hombergii";48;"D";"1";15
"2282";"Tubificoides pseudogaster";48;"D";"2";6
"1644";"Nephtys hombergii";48;"E";"2";15
"359";"Capitella capitata";49;"A";"1";55
"560";"Corophium volutator";49;"A";"6";12
"2246";"Tubificoides pseudogaster";49;"A";"4";6
"186";"Aphelochaeta marioni";49;"B";"1";13
"364";"Capitella capitata";49;"B";"3";55
"568";"Corophium volutator";49;"B";"1";12
"811";"Eteone longa";49;"B";"1";1
"1000";"Hediste diversicolor";49;"B";"1";2
"1141";"Hydrobia ulvae";49;"B";"1";5
"2338";"Tubificoides pseudogaster";49;"B";"3";6
"1246";"Hydrobia ulvae";49;"C";"3";5
"2327";"Tubificoides pseudogaster";49;"C";"15";6
"67";"Abra tennuis";49;"D";"1";11
"1270";"Hydrobia ulvae";49;"D";"4";5
"2325";"Tubificoides pseudogaster";49;"D";"4";6
"2166";"Tubificoides benedii";49;"E";"5";16
"877";"Haminoea navicula";50;"A";"1";53
"1090";"Hediste diversicolor";50;"A";"2";2
"1690";"Nephtys hombergii";50;"A";"3";15
"52";"Abra tennuis";50;"B";"1";11
"269";"Aphelochaeta marioni";50;"B";"4";13
"975";"Hediste diversicolor";50;"B";"4";2
"1419";"Melita palmata";50;"B";"1";33
"1703";"Nephtys hombergii";50;"B";"2";15
"2360";"Tubificoides sp.";50;"B";"4";24
"1097";"Hediste diversicolor";50;"C";"1";2
"1621";"Nephtys hombergii";50;"C";"3";15
"983";"Hediste diversicolor";50;"D";"3";2
"1268";"Hydrobia ulvae";50;"D";"1";5
"1623";"Nephtys hombergii";50;"D";"1";15
"2387";"Tubificoides sp.";50;"D";"2";24
"34";"Abra tennuis";50;"E";"7";11
"306";"Aphelochaeta marioni";50;"E";"7";13
"1103";"Hediste diversicolor";50;"E";"6";2
"1238";"Hydrobia ulvae";50;"E";"2";5
"1303";"Insecta larvae";50;"E";"1";50
"1448";"Microprotopus maculeatus";50;"E";"4";25
"1487";"Mya arenaria";50;"E";"1";22
"1688";"Nephtys hombergii";50;"E";"4";15
"2364";"Tubificoides sp.";50;"E";"6";24
"47";"Abra tennuis";51;"A";"3";11
"235";"Aphelochaeta marioni";51;"A";"8";13
"365";"Capitella capitata";51;"A";"39";55
"503";"Chironomidae";51;"A";"11";69
"799";"Eteone longa";51;"A";"2";1
"1164";"Hydrobia ulvae";51;"A";"27";5
"1456";"Microprotopus maculeatus";51;"A";"12";25
"1905";"Pygospio elegans";51;"A";"1";28
"2067";"Spio martinensis";51;"A";"8";58
"2237";"Tubificoides benedii";51;"A";"110";16
"192";"Aphelochaeta marioni";51;"B";"1";13
"353";"Capitella capitata";51;"B";"13";55
"796";"Eteone longa";51;"B";"1";1
"1108";"Hediste diversicolor";51;"B";"1";2
"1225";"Hydrobia ulvae";51;"B";"10";5
"2183";"Tubificoides benedii";51;"B";"5";16
"241";"Aphelochaeta marioni";51;"C";"2";13
"362";"Capitella capitata";51;"C";"99";55
"512";"Chironomidae";51;"C";"6";69
"1138";"Hydrobia ulvae";51;"C";"15";5
"1458";"Microprotopus maculeatus";51;"C";"2";25
"1884";"Pseudopolydora paucibranchiata";51;"C";"1";73
"2064";"Spio martinensis";51;"C";"1";58
"2172";"Tubificoides benedii";51;"C";"72";16
"6";"Abra tennuis";51;"D";"1";11
"296";"Aphelochaeta marioni";51;"D";"1";13
"368";"Capitella capitata";51;"D";"17";55
"713";"Desdemona ornata";51;"D";"2";14
"1154";"Hydrobia ulvae";51;"D";"15";5
"2065";"Spio martinensis";51;"D";"3";58
"2141";"Tubificoides benedii";51;"D";"23";16
"171";"Aphelochaeta marioni";51;"E";"2";13
"369";"Capitella capitata";51;"E";"45";55
"502";"Chironomidae";51;"E";"2";69
"781";"Eteone longa";51;"E";"1";1
"1192";"Hydrobia ulvae";51;"E";"12";5
"1469";"Microprotopus maculeatus";51;"E";"1";25
"2073";"Spio martinensis";51;"E";"4";58
"2158";"Tubificoides benedii";51;"E";"75";16
"1181";"Hydrobia ulvae";52;"A";"1";5
"1449";"Microprotopus maculeatus";52;"A";"2";25
"2322";"Tubificoides pseudogaster";52;"A";"4";6
"66";"Abra tennuis";52;"B";"1";11
"131";"Anaitides mucosa";52;"B";"1";51
"184";"Aphelochaeta marioni";52;"B";"1";13
"1078";"Hediste diversicolor";52;"B";"1";2
"1204";"Hydrobia ulvae";52;"B";"1";5
"1412";"Melita palmata";52;"B";"1";33
"1471";"Mya arenaria";52;"B";"1";22
"1546";"Neanthes virens";52;"B";"1";31
"1590";"Nephtys hombergii";52;"B";"1";15
"129";"Anaitides mucosa";52;"C";"1";51
"1431";"Melita palmata";52;"C";"1";33
"1684";"Nephtys hombergii";52;"C";"1";15
"2025";"Scrobicularia plana";52;"C";"1";20
"33";"Abra tennuis";52;"D";"7";11
"125";"Anaitides mucosa";52;"D";"3";51
"197";"Aphelochaeta marioni";52;"D";"7";13
"533";"Copepoda: Harpacticoida";52;"D";"1";44
"716";"Desdemona ornata";52;"D";"1";14
"1178";"Hydrobia ulvae";52;"D";"5";5
"1413";"Melita palmata";52;"D";"1";33
"1462";"Microprotopus maculeatus";52;"D";"6";25
"1673";"Nephtys hombergii";52;"D";"2";15
"2381";"Tubificoides sp.";52;"D";"1";24
"16";"Abra tennuis";52;"E";"28";11
"123";"Anaitides mucosa";52;"E";"4";51
"234";"Aphelochaeta marioni";52;"E";"2";13
"1094";"Hediste diversicolor";52;"E";"5";2
"1275";"Hydrobia ulvae";52;"E";"2";5
"1466";"Microprotopus maculeatus";52;"E";"1";25
"1527";"Mya arenaria";52;"E";"1";22
"1655";"Nephtys hombergii";52;"E";"1";15
"986";"Hediste diversicolor";53;"A";"6";2
"1694";"Nephtys hombergii";53;"A";"1";15
"1717";"Nephtys kersivalensis";53;"A";"1";46
"1637";"Nephtys hombergii";53;"B";"2";15
"2044";"Scrobicularia plana";53;"B";"1";20
"924";"Hediste diversicolor";53;"C";"1";2
"1619";"Nephtys hombergii";53;"C";"1";15
"847";"Gammarus locusta";53;"D";"2";36
"993";"Hediste diversicolor";53;"D";"1";2
"1159";"Hydrobia ulvae";53;"D";"1";5
"1704";"Nephtys kersivalensis";53;"D";"1";46
"997";"Hediste diversicolor";53;"E";"3";2
"1605";"Nephtys hombergii";53;"E";"1";15
"1877";"Pomatochistus sp.";53;"E";"1";32
"71";"Alderia modesta";54;"A";"1";66
"1057";"Hediste diversicolor";54;"A";"1";2
"1163";"Hydrobia ulvae";54;"A";"1";5
"1650";"Nephtys hombergii";54;"A";"4";15
"2291";"Tubificoides pseudogaster";54;"A";"15";6
"937";"Hediste diversicolor";54;"B";"10";2
"1692";"Nephtys hombergii";54;"B";"4";15
"2300";"Tubificoides pseudogaster";54;"B";"4";6
"180";"Aphelochaeta marioni";54;"C";"3";13
"1124";"Hediste diversicolor";54;"C";"1";2
"1646";"Nephtys hombergii";54;"C";"5";15
"2336";"Tubificoides pseudogaster";54;"C";"10";6
"721";"Desdemona ornata";54;"D";"1";14
"1695";"Nephtys hombergii";54;"D";"3";15
"2306";"Tubificoides pseudogaster";54;"D";"1";6
"1550";"Neanthes virens";54;"E";"7";31
"1640";"Nephtys hombergii";54;"E";"2";15
"2229";"Tubificoides benedii";54;"E";"1";16
"38";"Abra tennuis";55;"A";"1";11
"2205";"Tubificoides benedii";55;"A";"2";16
"1955";"Ruditapes phillipinarum";55;"B";"1";27
"2194";"Tubificoides benedii";55;"B";"2";16
"1226";"Hydrobia ulvae";55;"C";"3";5
"2195";"Tubificoides benedii";55;"C";"1";16
"17";"Abra tennuis";55;"D";"1";11
"457";"Cerastoderma edule";55;"D";"1";23
"1161";"Hydrobia ulvae";55;"D";"3";5
"1603";"Nephtys hombergii";55;"D";"2";15
"2074";"Spio martinensis";55;"D";"1";58
"421";"Cerastoderma edule";55;"E";"2";23
"1263";"Hydrobia ulvae";55;"E";"2";5
"1653";"Nephtys hombergii";55;"E";"1";15
"2217";"Tubificoides benedii";55;"E";"1";16
"1454";"Microprotopus maculeatus";56;"A";"1";25
"1643";"Nephtys hombergii";56;"A";"1";15
"1617";"Nephtys hombergii";56;"B";"2";15
"2356";"Tubificoides sp.";56;"B";"4";24
"167";"Aphelochaeta marioni";56;"C";"2";13
"348";"Capitella capitata";56;"C";"3";55
"1083";"Hediste diversicolor";56;"C";"1";2
"1272";"Hydrobia ulvae";56;"C";"3";5
"1369";"Macoma balthica";56;"C";"1";21
"1693";"Nephtys hombergii";56;"C";"2";15
"1894";"Pygospio elegans";56;"C";"1";28
"2084";"Streblospio shrubsolii";56;"C";"1";3
"2357";"Tubificoides sp.";56;"C";"18";24
"29";"Abra tennuis";56;"D";"3";11
"1046";"Hediste diversicolor";56;"D";"1";2
"1662";"Nephtys hombergii";56;"D";"2";15
"2288";"Tubificoides pseudogaster";56;"D";"2";6
"7";"Abra tennuis";56;"E";"5";11
"429";"Cerastoderma edule";56;"E";"2";23
"1215";"Hydrobia ulvae";56;"E";"2";5
"1648";"Nephtys hombergii";56;"E";"1";15
"1754";"Ostracoda sp.";56;"E";"1";10
"2380";"Tubificoides sp.";56;"E";"2";24
"61";"Abra tennuis";57;"A";"1";11
"292";"Aphelochaeta marioni";57;"A";"2";13
"2231";"Tubificoides benedii";57;"A";"15";16
"352";"Capitella capitata";57;"B";"2";55
"1223";"Hydrobia ulvae";57;"B";"1";5
"351";"Capitella capitata";57;"C";"1";55
"1402";"Melinna palmata";57;"C";"1";7
"1670";"Nephtys hombergii";57;"C";"1";15
"943";"Hediste diversicolor";57;"D";"1";2
"1768";"Ostracoda sp.";57;"D";"1";10
"2167";"Tubificoides benedii";57;"D";"135";16
"242";"Aphelochaeta marioni";57;"E";"2";13
"363";"Capitella capitata";57;"E";"4";55
"571";"Corophium volutator";57;"E";"2";12
"841";"Eusarsiella zostericola";57;"E";"1";34
"1680";"Nephtys hombergii";57;"E";"1";15
"2161";"Tubificoides benedii";57;"E";"1";16
"1073";"Hediste diversicolor";58;"A";"3";2
"1222";"Hydrobia ulvae";58;"A";"21";5
"4";"Abra tennuis";58;"B";"1";11
"480";"Cerastoderma glaucum";58;"B";"1";30
"773";"Eteone longa";58;"B";"4";1
"954";"Hediste diversicolor";58;"B";"20";2
"1169";"Hydrobia ulvae";58;"B";"8";5
"1597";"Nephtys hombergii";58;"B";"1";15
"175";"Aphelochaeta marioni";58;"C";"1";13
"961";"Hediste diversicolor";58;"C";"2";2
"1245";"Hydrobia ulvae";58;"C";"6";5
"1363";"Macoma balthica";58;"C";"1";21
"1944";"Ruditapes phillipinarum";58;"C";"1";27
"40";"Abra tennuis";58;"D";"1";11
"486";"Cerastoderma glaucum";58;"D";"1";30
"964";"Hediste diversicolor";58;"D";"4";2
"1239";"Hydrobia ulvae";58;"D";"9";5
"1939";"Ruditapes phillipinarum";58;"D";"3";27
"969";"Hediste diversicolor";58;"E";"9";2
"1257";"Hydrobia ulvae";58;"E";"1";5
"2169";"Tubificoides benedii";58;"E";"1";16
"1176";"Hydrobia ulvae";59;"A";"1";5
"1663";"Nephtys hombergii";59;"A";"2";15
"2214";"Tubificoides benedii";59;"A";"1";16
"36";"Abra tennuis";59;"B";"1";11
"294";"Aphelochaeta marioni";59;"B";"4";13
"879";"Hediste diversicolor";59;"B";"1";2
"1133";"Hydrobia ulvae";59;"B";"1";5
"1395";"Melinna palmata";59;"B";"1";7
"2164";"Tubificoides benedii";59;"B";"2";16
"2370";"Tubificoides sp.";59;"B";"12";24
"892";"Hediste diversicolor";59;"C";"2";2
"1142";"Hydrobia ulvae";59;"C";"2";5
"245";"Aphelochaeta marioni";59;"D";"2";13
"626";"Crangon crangon";59;"D";"1";17
"801";"Eteone longa";59;"D";"1";1
"1233";"Hydrobia ulvae";59;"D";"1";5
"1612";"Nephtys hombergii";59;"D";"1";15
"2185";"Tubificoides benedii";59;"D";"11";16
"2350";"Tubificoides sp.";59;"D";"24";24
"1600";"Nephtys hombergii";59;"E";"2";15
"2136";"Tubificoides benedii";59;"E";"8";16
"2258";"Tubificoides pseudogaster";59;"E";"1";6
"89";"Ampharete balthica";60;"A";"1";65
"1606";"Nephtys hombergii";60;"A";"2";15
"2285";"Tubificoides pseudogaster";60;"A";"15";6
"998";"Hediste diversicolor";60;"B";"1";2
"1611";"Nephtys hombergii";60;"B";"5";15
"2333";"Tubificoides pseudogaster";60;"B";"14";6
"128";"Anaitides mucosa";60;"C";"1";51
"258";"Aphelochaeta marioni";60;"C";"1";13
"1666";"Nephtys hombergii";60;"C";"7";15
"2335";"Tubificoides pseudogaster";60;"C";"4";6
"412";"Cerastoderma edule";60;"D";"1";23
"1625";"Nephtys hombergii";60;"D";"5";15
"111";"Anaitides mucosa";60;"E";"1";51
"1407";"Melinna palmata";60;"E";"1";7
"1656";"Nephtys hombergii";60;"E";"3";15
"2324";"Tubificoides pseudogaster";60;"E";"20";6
"138";"Anaitides mucosa";61;"A";"1";51
"227";"Aphelochaeta marioni";61;"A";"3";13
"471";"Cerastoderma glaucum";61;"A";"1";30
"510";"Chironomidae";61;"A";"1";69
"605";"Corophium volutator";61;"A";"37";12
"2119";"Streblospio shrubsolii";61;"A";"1";3
"2223";"Tubificoides benedii";61;"A";"7";16
"275";"Aphelochaeta marioni";61;"B";"20";13
"603";"Corophium volutator";61;"B";"134";12
"2269";"Tubificoides pseudogaster";61;"B";"42";6
"126";"Anaitides mucosa";61;"C";"6";51
"555";"Corophium volutator";61;"C";"114";12
"2273";"Tubificoides pseudogaster";61;"C";"3";6
"140";"Anaitides mucosa";61;"D";"1";51
"594";"Corophium volutator";61;"D";"39";12
"1160";"Hydrobia ulvae";61;"D";"1";5
"2302";"Tubificoides pseudogaster";61;"D";"5";6
"21";"Abra tennuis";61;"E";"4";11
"121";"Anaitides mucosa";61;"E";"9";51
"205";"Aphelochaeta marioni";61;"E";"12";13
"506";"Chironomidae";61;"E";"2";69
"570";"Corophium volutator";61;"E";"120";12
"1248";"Hydrobia ulvae";61;"E";"1";5
"1917";"Retusa obtusa";61;"E";"4";52
"2351";"Tubificoides sp.";61;"E";"138";24
"2153";"Tubificoides benedii";62;"A";"16";16
"1036";"Hediste diversicolor";62;"B";"1";2
"1649";"Nephtys hombergii";62;"B";"1";15
"2244";"Tubificoides benedii";62;"B";"12";16
"2184";"Tubificoides benedii";62;"C";"27";16
"2224";"Tubificoides benedii";62;"D";"7";16
"1636";"Nephtys hombergii";62;"E";"1";15
"2256";"Tubificoides pseudogaster";62;"E";"18";6
"619";"Crangon crangon";63;"A";"1";17
"2148";"Tubificoides benedii";63;"A";"3";16
"1119";"Hediste diversicolor";63;"B";"2";2
"2146";"Tubificoides benedii";63;"B";"1";16
"1047";"Hediste diversicolor";63;"C";"1";2
"2240";"Tubificoides benedii";63;"C";"1";16
"856";"Gammarus locusta";63;"D";"1";36
"2207";"Tubificoides benedii";63;"D";"2";16
"444";"Cerastoderma edule";63;"E";"1";23
"1932";"Ruditapes decussatus";63;"E";"1";75
"1622";"Nephtys hombergii";64;"A";"3";15
"2275";"Tubificoides pseudogaster";64;"A";"12";6
"230";"Aphelochaeta marioni";64;"B";"3";13
"977";"Hediste diversicolor";64;"B";"1";2
"1687";"Nephtys hombergii";64;"B";"2";15
"2281";"Tubificoides pseudogaster";64;"B";"7";6
"361";"Capitella capitata";64;"C";"1";55
"939";"Hediste diversicolor";64;"C";"1";2
"1659";"Nephtys hombergii";64;"C";"6";15
"941";"Hediste diversicolor";64;"D";"2";2
"1658";"Nephtys hombergii";64;"D";"1";15
"2271";"Tubificoides pseudogaster";64;"D";"11";6
"944";"Hediste diversicolor";64;"E";"2";2
"1714";"Nephtys kersivalensis";64;"E";"3";46
"2216";"Tubificoides benedii";64;"E";"6";16
"2248";"Tubificoides pseudogaster";64;"E";"48";6
"156";"Aphelochaeta marioni";65;"A";"1";13
"884";"Hediste diversicolor";65;"A";"1";2
"1237";"Hydrobia ulvae";65;"A";"3";5
"1506";"Mya arenaria";65;"A";"1";22
"1891";"Pygospio elegans";65;"A";"1";28
"2354";"Tubificoides sp.";65;"A";"2";24
"1480";"Mya arenaria";65;"B";"1";22
"172";"Aphelochaeta marioni";65;"C";"3";13
"360";"Capitella capitata";65;"C";"12";55
"535";"Copepoda: Harpacticoida";65;"C";"1";44
"957";"Hediste diversicolor";65;"C";"1";2
"1274";"Hydrobia ulvae";65;"C";"2";5
"1489";"Mya arenaria";65;"C";"2";22
"2232";"Tubificoides benedii";65;"C";"1";16
"2339";"Tubificoides pseudogaster";65;"C";"138";6
"232";"Aphelochaeta marioni";65;"D";"4";13
"623";"Crangon crangon";65;"D";"1";17
"784";"Eteone longa";65;"D";"4";1
"965";"Hediste diversicolor";65;"D";"1";2
"1996";"Scoloplos armiger";65;"D";"6";60
"2382";"Tubificoides sp.";65;"D";"57";24
"971";"Hediste diversicolor";65;"E";"1";2
"1255";"Hydrobia ulvae";65;"E";"3";5
"1904";"Pygospio elegans";65;"E";"4";28
"2378";"Tubificoides sp.";65;"E";"151";24
"35";"Abra tennuis";66;"A";"16";11
"76";"Alderia modesta";66;"A";"1";66
"450";"Cerastoderma edule";66;"A";"1";23
"505";"Chironomidae";66;"A";"15";69
"583";"Corophium volutator";66;"A";"2";12
"1220";"Hydrobia ulvae";66;"A";"130";5
"1440";"Microdeutopus grllotalpus";66;"A";"5";76
"1526";"Mya arenaria";66;"A";"2";22
"1567";"Nemertina";66;"A";"1";47
"1871";"Pomatochistus sp.";66;"A";"1";32
"2143";"Tubificoides benedii";66;"A";"220";16
"19";"Abra tennuis";66;"B";"8";11
"133";"Anaitides mucosa";66;"B";"5";51
"407";"Cerastoderma edule";66;"B";"1";23
"513";"Chironomidae";66;"B";"72";69
"1152";"Hydrobia ulvae";66;"B";"145";5
"1328";"Liocarcinus arcuatus";66;"B";"1";39
"1352";"Macoma balthica";66;"B";"1";21
"1442";"Microdeutopus grllotalpus";66;"B";"68";76
"1494";"Mya arenaria";66;"B";"1";22
"1959";"Ruditapes phillipinarum";66;"B";"3";27
"2066";"Spio martinensis";66;"B";"1";58
"2213";"Tubificoides benedii";66;"B";"116";16
"45";"Abra tennuis";66;"C";"7";11
"130";"Anaitides mucosa";66;"C";"1";51
"507";"Chironomidae";66;"C";"12";69
"1202";"Hydrobia ulvae";66;"C";"90";5
"1341";"Littorina saxatilis agg.";66;"C";"1";77
"1437";"Microdeutopus grllotalpus";66;"C";"9";76
"1483";"Mya arenaria";66;"C";"1";22
"1578";"Nemertina";66;"C";"1";47
"2156";"Tubificoides benedii";66;"C";"37";16
"26";"Abra tennuis";66;"D";"1";11
"344";"Capitella capitata";66;"D";"9";55
"427";"Cerastoderma edule";66;"D";"2";23
"516";"Chironomidae";66;"D";"22";69
"1269";"Hydrobia ulvae";66;"D";"101";5
"1340";"Littorina saxatilis agg.";66;"D";"1";77
"1441";"Microdeutopus grllotalpus";66;"D";"21";76
"2151";"Tubificoides benedii";66;"D";"44";16
"49";"Abra tennuis";66;"E";"5";11
"122";"Anaitides mucosa";66;"E";"3";51
"357";"Capitella capitata";66;"E";"11";55
"462";"Cerastoderma edule";66;"E";"1";23
"515";"Chironomidae";66;"E";"20";69
"1235";"Hydrobia ulvae";66;"E";"175";5
"1436";"Microdeutopus grllotalpus";66;"E";"47";76
"1938";"Ruditapes phillipinarum";66;"E";"1";27
"2083";"Streblospio shrubsolii";66;"E";"2";3
"2238";"Tubificoides benedii";66;"E";"74";16
"252";"Aphelochaeta marioni";67;"A";"1";13
"1676";"Nephtys hombergii";67;"A";"3";15
"1720";"Nephtys kersivalensis";67;"A";"1";46
"1873";"Pomatochistus sp.";67;"A";"1";32
"2276";"Tubificoides pseudogaster";67;"A";"9";6
"68";"Alderia modesta";67;"B";"2";66
"1664";"Nephtys hombergii";67;"B";"3";15
"2160";"Tubificoides benedii";67;"B";"10";16
"852";"Gammarus locusta";67;"C";"2";36
"1657";"Nephtys hombergii";67;"C";"5";15
"1870";"Pomatochistus sp.";67;"C";"1";32
"73";"Alderia modesta";67;"D";"2";66
"1710";"Nephtys kersivalensis";67;"D";"2";46
"1426";"Melita palmata";67;"E";"1";33
"1719";"Nephtys kersivalensis";67;"E";"1";46
"1589";"Nephtys hombergii";68;"A";"5";15
"2377";"Tubificoides sp.";68;"A";"1";24
"1677";"Nephtys hombergii";68;"B";"9";15
"2320";"Tubificoides pseudogaster";68;"B";"29";6
"1403";"Melinna palmata";68;"C";"2";7
"1685";"Nephtys hombergii";68;"C";"4";15
"1004";"Hediste diversicolor";68;"D";"1";2
"1614";"Nephtys hombergii";68;"D";"4";15
"2326";"Tubificoides pseudogaster";68;"D";"2";6
"1674";"Nephtys hombergii";68;"E";"4";15
"2315";"Tubificoides pseudogaster";68;"E";"3";6
"1390";"Melinna palmata";69;"A";"2";7
"1610";"Nephtys hombergii";69;"A";"4";15
"2301";"Tubificoides pseudogaster";69;"A";"13";6
"42";"Abra tennuis";69;"B";"NA";11
"72";"Alderia modesta";69;"B";"NA";66
"85";"Ampelisca brevicornis";69;"B";"NA";62
"93";"Ampharete balthica";69;"B";"NA";65
"101";"Amphibalanus improvisus";69;"B";"NA";41
"103";"Amphipholis squamata";69;"B";"NA";74
"139";"Anaitides mucosa";69;"B";"NA";51
"143";"Anemonia viridis";69;"B";"NA";78
"148";"Aonides oxycephala";69;"B";"NA";81
"278";"Aphelochaeta marioni";69;"B";"NA";13
"314";"Apseudes latreillii";69;"B";"NA";49
"320";"Arenicola marina";69;"B";"NA";35
"330";"Bathyporeia indet.";69;"B";"NA";96
"338";"Bryozoa indef.";69;"B";"NA";43
"367";"Capitella capitata";69;"B";"NA";55
"385";"Carcinus maenas";69;"B";"NA";37
"401";"Caulleriella zetlandica";69;"B";"NA";57
"455";"Cerastoderma edule";69;"B";"NA";23
"483";"Cerastoderma glaucum";69;"B";"NA";30
"491";"Cereus pedunculatus";69;"B";"NA";79
"493";"Chaetozone christii";69;"B";"NA";72
"504";"Chironomidae";69;"B";"NA";69
"522";"Cirratulidae (indet.)";69;"B";"NA";29
"530";"Cirriformia tentaculata";69;"B";"NA";82
"538";"Copepoda: Harpacticoida";69;"B";"NA";44
"545";"Corophium arenarium";69;"B";"NA";19
"547";"Corophium insidiosum";69;"B";"NA";97
"563";"Corophium volutator";69;"B";"NA";12
"613";"Cossura longe";69;"B";"NA";26
"624";"Crangon crangon";69;"B";"NA";17
"629";"Crepidula fornicata";69;"B";"NA";101
"658";"Cyathura carinata";69;"B";"NA";4
"715";"Desdemona ornata";69;"B";"NA";14
"732";"Dolichopodidae";69;"B";"NA";107
"741";"Dosinia lupinus";69;"B";"NA";63
"748";"Elminius modestus";69;"B";"NA";38
"752";"Elminius modestus";69;"B";"NA";38
"764";"Eteone foliosa";69;"B";"NA";56
"767";"Eteone longa";69;"B";"NA";1
"824";"Eumida cf sanguinea";69;"B";"NA";83
"827";"Eumida punctifera";69;"B";"NA";84
"840";"Eusarsiella zostericola";69;"B";"NA";34
"849";"Gammarus locusta";69;"B";"NA";36
"858";"Gibbula umbilicalis";69;"B";"NA";102
"866";"Glycera tridactyla";69;"B";"NA";59
"876";"Haminoea navicula";69;"B";"NA";53
"1032";"Hediste diversicolor";69;"B";"NA";2
"1127";"Hinia reticulata";69;"B";"NA";103
"1218";"Hydrobia ulvae";69;"B";"NA";5
"1280";"Hydrobia ventrosa";69;"B";"NA";104
"1282";"Idotea balthica";69;"B";"NA";70
"1288";"Idotea chelipes";69;"B";"NA";54
"1297";"Insecta indet";69;"B";"NA";64
"1305";"Insecta larvae";69;"B";"NA";50
"1314";"Janua pagenstecheri";69;"B";"NA";85
"1318";"Leptochitona cinereus";69;"B";"NA";105
"1325";"Liocarcinus arcuatus";69;"B";"NA";39
"1337";"Littorina littorea";69;"B";"NA";40
"1339";"Littorina saxatilis agg.";69;"B";"NA";77
"1357";"Macoma balthica";69;"B";"NA";21
"1375";"Malacoceros tetraceros";69;"B";"NA";86
"1383";"Mediomastus fragilis";69;"B";"NA";67
"1388";"Melinna palmata";69;"B";"NA";7
"1421";"Melita palmata";69;"B";"NA";33
"1439";"Microdeutopus grllotalpus";69;"B";"NA";76
"1447";"Microphthalmus cf similis";69;"B";"NA";87
"1452";"Microprotopus maculeatus";69;"B";"NA";25
"1513";"Mya arenaria";69;"B";"NA";22
"1534";"Mytilus edulis";69;"B";"NA";42
"1548";"Neanthes virens";69;"B";"NA";31
"1562";"Nematostella vectensis";69;"B";"NA";80
"1577";"Nemertina";69;"B";"NA";47
"1584";"Neoamphitrite figulus";69;"B";"NA";48
"1654";"Nephtys hombergii";69;"B";"NA";15
"1715";"Nephtys kersivalensis";69;"B";"NA";46
"1729";"Notomastus latericeus";69;"B";"NA";88
"1775";"Ostracoda sp.";69;"B";"NA";10
"1794";"Other (incl algae)";69;"B";"NA";108
"1798";"Palaemonetes varians";69;"B";"NA";100
"1802";"Parapionosyllis minuta";69;"B";"NA";89
"1810";"Parvicardium exiguum";69;"B";"NA";68
"1816";"Phtisica marina";69;"B";"NA";98
"1823";"Polycirrus sp";69;"B";"NA";71
"1850";"Polydora cornuta";69;"B";"NA";8
"1859";"Polydora sp";69;"B";"NA";18
"1864";"Pomatoceros lamarki";69;"B";"NA";90
"1875";"Pomatochistus sp.";69;"B";"NA";32
"1879";"Pranus inermis";69;"B";"NA";94
"1882";"Pseudopolydora paucibranchiata";69;"B";"NA";73
"1893";"Pygospio elegans";69;"B";"NA";28
"1914";"Retusa obtusa";69;"B";"NA";52
"1926";"Retusa ovata";69;"B";"NA";45
"1931";"Ruditapes decussatus";69;"B";"NA";75
"1946";"Ruditapes phillipinarum";69;"B";"NA";27
"1963";"Sabella pavonina";69;"B";"NA";91
"1972";"Scolelepsis sp.";69;"B";"NA";92
"2004";"Scoloplos armiger";69;"B";"NA";60
"2026";"Scrobicularia plana";69;"B";"NA";20
"2049";"Serpulidae sp.";69;"B";"NA";93
"2052";"Solen marginatus";69;"B";"NA";61
"2056";"Sphaeroma rugicauda";69;"B";"NA";95
"2068";"Spio martinensis";69;"B";"NA";58
"2080";"Spionidae sp";69;"B";"NA";9
"2091";"Streblospio shrubsolii";69;"B";"NA";3
"2165";"Tubificoides benedii";69;"B";"NA";16
"2284";"Tubificoides pseudogaster";69;"B";"NA";6
"2390";"Tubificoides sp.";69;"B";"NA";24
"2399";"Urothoe brevicornis";69;"B";"NA";99
"2409";"Venerupis saxatilis";69;"B";"NA";106
"1709";"Nephtys kersivalensis";69;"C";"4";46
"2334";"Tubificoides pseudogaster";69;"C";"205";6
"3";"Abra tennuis";69;"D";"NA";11
"69";"Alderia modesta";69;"D";"NA";66
"84";"Ampelisca brevicornis";69;"D";"NA";62
"94";"Ampharete balthica";69;"D";"NA";65
"99";"Amphibalanus improvisus";69;"D";"NA";41
"105";"Amphipholis squamata";69;"D";"NA";74
"119";"Anaitides mucosa";69;"D";"NA";51
"145";"Anemonia viridis";69;"D";"NA";78
"149";"Aonides oxycephala";69;"D";"NA";81
"253";"Aphelochaeta marioni";69;"D";"NA";13
"309";"Apseudes latreillii";69;"D";"NA";49
"327";"Arenicola marina";69;"D";"NA";35
"329";"Bathyporeia indet.";69;"D";"NA";96
"337";"Bryozoa indef.";69;"D";"NA";43
"373";"Capitella capitata";69;"D";"NA";55
"384";"Carcinus maenas";69;"D";"NA";37
"402";"Caulleriella zetlandica";69;"D";"NA";57
"428";"Cerastoderma edule";69;"D";"NA";23
"477";"Cerastoderma glaucum";69;"D";"NA";30
"489";"Cereus pedunculatus";69;"D";"NA";79
"494";"Chaetozone christii";69;"D";"NA";72
"514";"Chironomidae";69;"D";"NA";69
"521";"Cirratulidae (indet.)";69;"D";"NA";29
"531";"Cirriformia tentaculata";69;"D";"NA";82
"536";"Copepoda: Harpacticoida";69;"D";"NA";44
"546";"Corophium arenarium";69;"D";"NA";19
"548";"Corophium insidiosum";69;"D";"NA";97
"582";"Corophium volutator";69;"D";"NA";12
"612";"Cossura longe";69;"D";"NA";26
"617";"Crangon crangon";69;"D";"NA";17
"628";"Crepidula fornicata";69;"D";"NA";101
"649";"Cyathura carinata";69;"D";"NA";4
"719";"Desdemona ornata";69;"D";"NA";14
"733";"Dolichopodidae";69;"D";"NA";107
"743";"Dosinia lupinus";69;"D";"NA";63
"754";"Elminius modestus";69;"D";"NA";38
"757";"Elminius modestus";69;"D";"NA";38
"761";"Eteone foliosa";69;"D";"NA";56
"805";"Eteone longa";69;"D";"NA";1
"820";"Eumida cf sanguinea";69;"D";"NA";83
"830";"Eumida punctifera";69;"D";"NA";84
"842";"Eusarsiella zostericola";69;"D";"NA";34
"854";"Gammarus locusta";69;"D";"NA";36
"860";"Gibbula umbilicalis";69;"D";"NA";102
"869";"Glycera tridactyla";69;"D";"NA";59
"870";"Haminoea navicula";69;"D";"NA";53
"1062";"Hediste diversicolor";69;"D";"NA";2
"1128";"Hinia reticulata";69;"D";"NA";103
"1165";"Hydrobia ulvae";69;"D";"NA";5
"1278";"Hydrobia ventrosa";69;"D";"NA";104
"1285";"Idotea balthica";69;"D";"NA";70
"1292";"Idotea chelipes";69;"D";"NA";54
"1298";"Insecta indet";69;"D";"NA";64
"1302";"Insecta larvae";69;"D";"NA";50
"1316";"Janua pagenstecheri";69;"D";"NA";85
"1322";"Leptochitona cinereus";69;"D";"NA";105
"1330";"Liocarcinus arcuatus";69;"D";"NA";39
"1336";"Littorina littorea";69;"D";"NA";40
"1344";"Littorina saxatilis agg.";69;"D";"NA";77
"1362";"Macoma balthica";69;"D";"NA";21
"1377";"Malacoceros tetraceros";69;"D";"NA";86
"1381";"Mediomastus fragilis";69;"D";"NA";67
"1391";"Melinna palmata";69;"D";"NA";7
"1410";"Melita palmata";69;"D";"NA";33
"1443";"Microdeutopus grllotalpus";69;"D";"NA";76
"1446";"Microphthalmus cf similis";69;"D";"NA";87
"1464";"Microprotopus maculeatus";69;"D";"NA";25
"1520";"Mya arenaria";69;"D";"NA";22
"1536";"Mytilus edulis";69;"D";"NA";42
"1557";"Neanthes virens";69;"D";"NA";31
"1563";"Nematostella vectensis";69;"D";"NA";80
"1570";"Nemertina";69;"D";"NA";47
"1585";"Neoamphitrite figulus";69;"D";"NA";48
"1638";"Nephtys hombergii";69;"D";"NA";15
"1706";"Nephtys kersivalensis";69;"D";"NA";46
"1737";"Notomastus latericeus";69;"D";"NA";88
"1771";"Ostracoda sp.";69;"D";"NA";10
"1797";"Other (incl algae)";69;"D";"NA";108
"1799";"Palaemonetes varians";69;"D";"NA";100
"1804";"Parapionosyllis minuta";69;"D";"NA";89
"1809";"Parvicardium exiguum";69;"D";"NA";68
"1813";"Phtisica marina";69;"D";"NA";98
"1817";"Polycirrus sp";69;"D";"NA";71
"1847";"Polydora cornuta";69;"D";"NA";8
"1854";"Polydora sp";69;"D";"NA";18
"1867";"Pomatoceros lamarki";69;"D";"NA";90
"1868";"Pomatochistus sp.";69;"D";"NA";32
"1881";"Pranus inermis";69;"D";"NA";94
"1885";"Pseudopolydora paucibranchiata";69;"D";"NA";73
"1902";"Pygospio elegans";69;"D";"NA";28
"1911";"Retusa obtusa";69;"D";"NA";52
"1927";"Retusa ovata";69;"D";"NA";45
"1930";"Ruditapes decussatus";69;"D";"NA";75
"1958";"Ruditapes phillipinarum";69;"D";"NA";27
"1966";"Sabella pavonina";69;"D";"NA";91
"1968";"Scolelepsis sp.";69;"D";"NA";92
"1980";"Scoloplos armiger";69;"D";"NA";60
"2038";"Scrobicularia plana";69;"D";"NA";20
"2045";"Serpulidae sp.";69;"D";"NA";93
"2055";"Solen marginatus";69;"D";"NA";61
"2059";"Sphaeroma rugicauda";69;"D";"NA";95
"2061";"Spio martinensis";69;"D";"NA";58
"2082";"Spionidae sp";69;"D";"NA";9
"2121";"Streblospio shrubsolii";69;"D";"NA";3
"2209";"Tubificoides benedii";69;"D";"NA";16
"2299";"Tubificoides pseudogaster";69;"D";"NA";6
"2389";"Tubificoides sp.";69;"D";"NA";24
"2402";"Urothoe brevicornis";69;"D";"NA";99
"2410";"Venerupis saxatilis";69;"D";"NA";106
"58";"Abra tennuis";69;"E";"NA";11
"74";"Alderia modesta";69;"E";"NA";66
"83";"Ampelisca brevicornis";69;"E";"NA";62
"95";"Ampharete balthica";69;"E";"NA";65
"97";"Amphibalanus improvisus";69;"E";"NA";41
"107";"Amphipholis squamata";69;"E";"NA";74
"135";"Anaitides mucosa";69;"E";"NA";51
"144";"Anemonia viridis";69;"E";"NA";78
"150";"Aonides oxycephala";69;"E";"NA";81
"207";"Aphelochaeta marioni";69;"E";"NA";13
"311";"Apseudes latreillii";69;"E";"NA";49
"326";"Arenicola marina";69;"E";"NA";35
"331";"Bathyporeia indet.";69;"E";"NA";96
"341";"Bryozoa indef.";69;"E";"NA";43
"374";"Capitella capitata";69;"E";"NA";55
"387";"Carcinus maenas";69;"E";"NA";37
"394";"Caulleriella zetlandica";69;"E";"NA";57
"433";"Cerastoderma edule";69;"E";"NA";23
"478";"Cerastoderma glaucum";69;"E";"NA";30
"490";"Cereus pedunculatus";69;"E";"NA";79
"497";"Chaetozone christii";69;"E";"NA";72
"511";"Chironomidae";69;"E";"NA";69
"519";"Cirratulidae (indet.)";69;"E";"NA";29
"528";"Cirriformia tentaculata";69;"E";"NA";82
"534";"Copepoda: Harpacticoida";69;"E";"NA";44
"542";"Corophium arenarium";69;"E";"NA";19
"550";"Corophium insidiosum";69;"E";"NA";97
"569";"Corophium volutator";69;"E";"NA";12
"616";"Cossura longe";69;"E";"NA";26
"622";"Crangon crangon";69;"E";"NA";17
"627";"Crepidula fornicata";69;"E";"NA";101
"709";"Cyathura carinata";69;"E";"NA";4
"717";"Desdemona ornata";69;"E";"NA";14
"735";"Dolichopodidae";69;"E";"NA";107
"739";"Dosinia lupinus";69;"E";"NA";63
"744";"Elminius modestus";69;"E";"NA";38
"747";"Elminius modestus";69;"E";"NA";38
"762";"Eteone foliosa";69;"E";"NA";56
"813";"Eteone longa";69;"E";"NA";1
"821";"Eumida cf sanguinea";69;"E";"NA";83
"828";"Eumida punctifera";69;"E";"NA";84
"845";"Eusarsiella zostericola";69;"E";"NA";34
"848";"Gammarus locusta";69;"E";"NA";36
"861";"Gibbula umbilicalis";69;"E";"NA";102
"865";"Glycera tridactyla";69;"E";"NA";59
"872";"Haminoea navicula";69;"E";"NA";53
"928";"Hediste diversicolor";69;"E";"NA";2
"1126";"Hinia reticulata";69;"E";"NA";103
"1197";"Hydrobia ulvae";69;"E";"NA";5
"1279";"Hydrobia ventrosa";69;"E";"NA";104
"1283";"Idotea balthica";69;"E";"NA";70
"1291";"Idotea chelipes";69;"E";"NA";54
"1296";"Insecta indet";69;"E";"NA";64
"1307";"Insecta larvae";69;"E";"NA";50
"1315";"Janua pagenstecheri";69;"E";"NA";85
"1320";"Leptochitona cinereus";69;"E";"NA";105
"1326";"Liocarcinus arcuatus";69;"E";"NA";39
"1338";"Littorina littorea";69;"E";"NA";40
"1342";"Littorina saxatilis agg.";69;"E";"NA";77
"1360";"Macoma balthica";69;"E";"NA";21
"1379";"Malacoceros tetraceros";69;"E";"NA";86
"1380";"Mediomastus fragilis";69;"E";"NA";67
"1405";"Melinna palmata";69;"E";"NA";7
"1422";"Melita palmata";69;"E";"NA";33
"1435";"Microdeutopus grllotalpus";69;"E";"NA";76
"1444";"Microphthalmus cf similis";69;"E";"NA";87
"1460";"Microprotopus maculeatus";69;"E";"NA";25
"1529";"Mya arenaria";69;"E";"NA";22
"1535";"Mytilus edulis";69;"E";"NA";42
"1539";"Neanthes virens";69;"E";"NA";31
"1560";"Nematostella vectensis";69;"E";"NA";80
"1566";"Nemertina";69;"E";"NA";47
"1588";"Neoamphitrite figulus";69;"E";"NA";48
"1696";"Nephtys hombergii";69;"E";"NA";15
"1705";"Nephtys kersivalensis";69;"E";"NA";46
"1731";"Notomastus latericeus";69;"E";"NA";88
"1770";"Ostracoda sp.";69;"E";"NA";10
"1795";"Other (incl algae)";69;"E";"NA";108
"1800";"Palaemonetes varians";69;"E";"NA";100
"1805";"Parapionosyllis minuta";69;"E";"NA";89
"1811";"Parvicardium exiguum";69;"E";"NA";68
"1814";"Phtisica marina";69;"E";"NA";98
"1820";"Polycirrus sp";69;"E";"NA";71
"1825";"Polydora cornuta";69;"E";"NA";8
"1861";"Polydora sp";69;"E";"NA";18
"1866";"Pomatoceros lamarki";69;"E";"NA";90
"1872";"Pomatochistus sp.";69;"E";"NA";32
"1878";"Pranus inermis";69;"E";"NA";94
"1888";"Pseudopolydora paucibranchiata";69;"E";"NA";73
"1897";"Pygospio elegans";69;"E";"NA";28
"1915";"Retusa obtusa";69;"E";"NA";52
"1924";"Retusa ovata";69;"E";"NA";45
"1928";"Ruditapes decussatus";69;"E";"NA";75
"1935";"Ruditapes phillipinarum";69;"E";"NA";27
"1965";"Sabella pavonina";69;"E";"NA";91
"1969";"Scolelepsis sp.";69;"E";"NA";92
"1984";"Scoloplos armiger";69;"E";"NA";60
"2031";"Scrobicularia plana";69;"E";"NA";20
"2048";"Serpulidae sp.";69;"E";"NA";93
"2051";"Solen marginatus";69;"E";"NA";61
"2058";"Sphaeroma rugicauda";69;"E";"NA";95
"2062";"Spio martinensis";69;"E";"NA";58
"2079";"Spionidae sp";69;"E";"NA";9
"2114";"Streblospio shrubsolii";69;"E";"NA";3
"2140";"Tubificoides benedii";69;"E";"NA";16
"2253";"Tubificoides pseudogaster";69;"E";"NA";6
"2367";"Tubificoides sp.";69;"E";"NA";24
"2403";"Urothoe brevicornis";69;"E";"NA";99
"2413";"Venerupis saxatilis";69;"E";"NA";106
"86";"Ampelisca brevicornis";70;"A";"2";62
"342";"Capitella capitata";70;"A";"1";55
"449";"Cerastoderma edule";70;"A";"4";23
"1699";"Nephtys hombergii";70;"A";"1";15
"1620";"Nephtys hombergii";70;"B";"1";15
"2077";"Spionidae sp";70;"B";"2";9
"448";"Cerastoderma edule";70;"C";"1";23
"1716";"Nephtys kersivalensis";70;"C";"1";46
"8";"Abra tennuis";70;"D";"NA";11
"75";"Alderia modesta";70;"D";"NA";66
"81";"Ampelisca brevicornis";70;"D";"NA";62
"87";"Ampharete balthica";70;"D";"NA";65
"96";"Amphibalanus improvisus";70;"D";"NA";41
"109";"Amphipholis squamata";70;"D";"NA";74
"116";"Anaitides mucosa";70;"D";"NA";51
"146";"Anemonia viridis";70;"D";"NA";78
"151";"Aonides oxycephala";70;"D";"NA";81
"208";"Aphelochaeta marioni";70;"D";"NA";13
"312";"Apseudes latreillii";70;"D";"NA";49
"318";"Arenicola marina";70;"D";"NA";35
"328";"Bathyporeia indet.";70;"D";"NA";96
"335";"Bryozoa indef.";70;"D";"NA";43
"381";"Capitella capitata";70;"D";"NA";55
"382";"Carcinus maenas";70;"D";"NA";37
"400";"Caulleriella zetlandica";70;"D";"NA";57
"459";"Cerastoderma edule";70;"D";"NA";23
"485";"Cerastoderma glaucum";70;"D";"NA";30
"492";"Cereus pedunculatus";70;"D";"NA";79
"498";"Chaetozone christii";70;"D";"NA";72
"500";"Chironomidae";70;"D";"NA";69
"524";"Cirratulidae (indet.)";70;"D";"NA";29
"527";"Cirriformia tentaculata";70;"D";"NA";82
"540";"Copepoda: Harpacticoida";70;"D";"NA";44
"541";"Corophium arenarium";70;"D";"NA";19
"549";"Corophium insidiosum";70;"D";"NA";97
"587";"Corophium volutator";70;"D";"NA";12
"614";"Cossura longe";70;"D";"NA";26
"625";"Crangon crangon";70;"D";"NA";17
"630";"Crepidula fornicata";70;"D";"NA";101
"676";"Cyathura carinata";70;"D";"NA";4
"711";"Desdemona ornata";70;"D";"NA";14
"734";"Dolichopodidae";70;"D";"NA";107
"738";"Dosinia lupinus";70;"D";"NA";63
"745";"Elminius modestus";70;"D";"NA";38
"751";"Elminius modestus";70;"D";"NA";38
"760";"Eteone foliosa";70;"D";"NA";56
"782";"Eteone longa";70;"D";"NA";1
"823";"Eumida cf sanguinea";70;"D";"NA";83
"829";"Eumida punctifera";70;"D";"NA";84
"846";"Eusarsiella zostericola";70;"D";"NA";34
"855";"Gammarus locusta";70;"D";"NA";36
"857";"Gibbula umbilicalis";70;"D";"NA";102
"864";"Glycera tridactyla";70;"D";"NA";59
"871";"Haminoea navicula";70;"D";"NA";53
"1005";"Hediste diversicolor";70;"D";"NA";2
"1131";"Hinia reticulata";70;"D";"NA";103
"1148";"Hydrobia ulvae";70;"D";"NA";5
"1277";"Hydrobia ventrosa";70;"D";"NA";104
"1284";"Idotea balthica";70;"D";"NA";70
"1289";"Idotea chelipes";70;"D";"NA";54
"1299";"Insecta indet";70;"D";"NA";64
"1310";"Insecta larvae";70;"D";"NA";50
"1312";"Janua pagenstecheri";70;"D";"NA";85
"1319";"Leptochitona cinereus";70;"D";"NA";105
"1329";"Liocarcinus arcuatus";70;"D";"NA";39
"1331";"Littorina littorea";70;"D";"NA";40
"1343";"Littorina saxatilis agg.";70;"D";"NA";77
"1351";"Macoma balthica";70;"D";"NA";21
"1378";"Malacoceros tetraceros";70;"D";"NA";86
"1384";"Mediomastus fragilis";70;"D";"NA";67
"1394";"Melinna palmata";70;"D";"NA";7
"1433";"Melita palmata";70;"D";"NA";33
"1438";"Microdeutopus grllotalpus";70;"D";"NA";76
"1445";"Microphthalmus cf similis";70;"D";"NA";87
"1455";"Microprotopus maculeatus";70;"D";"NA";25
"1488";"Mya arenaria";70;"D";"NA";22
"1538";"Mytilus edulis";70;"D";"NA";42
"1558";"Neanthes virens";70;"D";"NA";31
"1561";"Nematostella vectensis";70;"D";"NA";80
"1580";"Nemertina";70;"D";"NA";47
"1587";"Neoamphitrite figulus";70;"D";"NA";48
"1594";"Nephtys hombergii";70;"D";"NA";15
"1708";"Nephtys kersivalensis";70;"D";"NA";46
"1730";"Notomastus latericeus";70;"D";"NA";88
"1762";"Ostracoda sp.";70;"D";"NA";10
"1796";"Other (incl algae)";70;"D";"NA";108
"1801";"Palaemonetes varians";70;"D";"NA";100
"1806";"Parapionosyllis minuta";70;"D";"NA";89
"1807";"Parvicardium exiguum";70;"D";"NA";68
"1815";"Phtisica marina";70;"D";"NA";98
"1818";"Polycirrus sp";70;"D";"NA";71
"1842";"Polydora cornuta";70;"D";"NA";8
"1856";"Polydora sp";70;"D";"NA";18
"1863";"Pomatoceros lamarki";70;"D";"NA";90
"1869";"Pomatochistus sp.";70;"D";"NA";32
"1880";"Pranus inermis";70;"D";"NA";94
"1883";"Pseudopolydora paucibranchiata";70;"D";"NA";73
"1896";"Pygospio elegans";70;"D";"NA";28
"1919";"Retusa obtusa";70;"D";"NA";52
"1923";"Retusa ovata";70;"D";"NA";45
"1929";"Ruditapes decussatus";70;"D";"NA";75
"1957";"Ruditapes phillipinarum";70;"D";"NA";27
"1964";"Sabella pavonina";70;"D";"NA";91
"1967";"Scolelepsis sp.";70;"D";"NA";92
"1987";"Scoloplos armiger";70;"D";"NA";60
"2033";"Scrobicularia plana";70;"D";"NA";20
"2046";"Serpulidae sp.";70;"D";"NA";93
"2053";"Solen marginatus";70;"D";"NA";61
"2057";"Sphaeroma rugicauda";70;"D";"NA";95
"2060";"Spio martinensis";70;"D";"NA";58
"2081";"Spionidae sp";70;"D";"NA";9
"2089";"Streblospio shrubsolii";70;"D";"NA";3
"2133";"Tubificoides benedii";70;"D";"NA";16
"2314";"Tubificoides pseudogaster";70;"D";"NA";6
"2355";"Tubificoides sp.";70;"D";"NA";24
"2407";"Urothoe brevicornis";70;"D";"NA";99
"2411";"Venerupis saxatilis";70;"D";"NA";106
"1423";"Melita palmata";70;"E";"1";33
"104";"Amphipholis squamata";71;"A";"7";74
"267";"Aphelochaeta marioni";71;"A";"11";13
"316";"Apseudes latreillii";71;"A";"9";49
"346";"Capitella capitata";71;"A";"1";55
"391";"Caulleriella zetlandica";71;"A";"9";57
"442";"Cerastoderma edule";71;"A";"1";23
"759";"Elminius modestus";71;"A";"6";38
"819";"Eumida cf sanguinea";71;"A";"3";83
"1129";"Hinia reticulata";71;"A";"1";103
"1313";"Janua pagenstecheri";71;"A";"3";85
"1333";"Littorina littorea";71;"A";"1";40
"1429";"Melita palmata";71;"A";"6";33
"1725";"Notomastus latericeus";71;"A";"1";88
"1942";"Ruditapes phillipinarum";71;"A";"2";27
"2047";"Serpulidae sp.";71;"A";"1";93
"2272";"Tubificoides pseudogaster";71;"A";"131";6
"317";"Apseudes latreillii";71;"B";"6";49
"393";"Caulleriella zetlandica";71;"B";"4";57
"420";"Cerastoderma edule";71;"B";"1";23
"742";"Dosinia lupinus";71;"B";"1";63
"753";"Elminius modestus";71;"B";"13";38
"825";"Eumida cf sanguinea";71;"B";"1";83
"1105";"Hediste diversicolor";71;"B";"1";2
"1130";"Hinia reticulata";71;"B";"1";103
"1334";"Littorina littorea";71;"B";"1";40
"1428";"Melita palmata";71;"B";"1";33
"1727";"Notomastus latericeus";71;"B";"3";88
"2286";"Tubificoides pseudogaster";71;"B";"63";6
"2412";"Venerupis saxatilis";71;"B";"1";106
"102";"Amphipholis squamata";71;"C";"6";74
"216";"Aphelochaeta marioni";71;"C";"6";13
"315";"Apseudes latreillii";71;"C";"5";49
"336";"Bryozoa indef.";71;"C";"2";43
"356";"Capitella capitata";71;"C";"1";55
"756";"Elminius modestus";71;"C";"3";38
"826";"Eumida cf sanguinea";71;"C";"1";83
"831";"Eumida punctifera";71;"C";"1";84
"862";"Gibbula umbilicalis";71;"C";"1";102
"1048";"Hediste diversicolor";71;"C";"3";2
"1317";"Janua pagenstecheri";71;"C";"18";85
"1321";"Leptochitona cinereus";71;"C";"1";105
"1332";"Littorina littorea";71;"C";"1";40
"1430";"Melita palmata";71;"C";"21";33
"1522";"Mya arenaria";71;"C";"1";22
"1865";"Pomatoceros lamarki";71;"C";"1";90
"2197";"Tubificoides benedii";71;"C";"40";16
"2289";"Tubificoides pseudogaster";71;"C";"4";6
"106";"Amphipholis squamata";71;"D";"5";74
"132";"Anaitides mucosa";71;"D";"2";51
"310";"Apseudes latreillii";71;"D";"4";49
"396";"Caulleriella zetlandica";71;"D";"7";57
"446";"Cerastoderma edule";71;"D";"1";23
"755";"Elminius modestus";71;"D";"29";38
"822";"Eumida cf sanguinea";71;"D";"2";83
"2251";"Tubificoides pseudogaster";71;"D";"4";6
"110";"Amphipholis squamata";71;"E";"25";74
"147";"Aonides oxycephala";71;"E";"1";81
"203";"Aphelochaeta marioni";71;"E";"1";13
"308";"Apseudes latreillii";71;"E";"29";49
"339";"Bryozoa indef.";71;"E";"1";43
"343";"Capitella capitata";71;"E";"3";55
"397";"Caulleriella zetlandica";71;"E";"1";57
"496";"Chaetozone christii";71;"E";"1";72
"526";"Cirriformia tentaculata";71;"E";"1";82
"698";"Cyathura carinata";71;"E";"1";4
"859";"Gibbula umbilicalis";71;"E";"1";102
"1076";"Hediste diversicolor";71;"E";"4";2
"1417";"Melita palmata";71;"E";"5";33
"1739";"Notomastus latericeus";71;"E";"1";88
"1812";"Phtisica marina";71;"E";"1";98
"1971";"Scolelepsis sp.";71;"E";"3";92
"2050";"Serpulidae sp.";71;"E";"3";93
"2266";"Tubificoides pseudogaster";71;"E";"3";6
"2388";"Tubificoides sp.";71;"E";"18";24
"463";"Cerastoderma edule";72;"A";"1";23
"1398";"Melinna palmata";72;"A";"1";7
"1722";"Nephtys kersivalensis";72;"A";"2";46
"1738";"Notomastus latericeus";72;"A";"2";88
"2117";"Streblospio shrubsolii";72;"A";"2";3
"77";"Ampelisca brevicornis";72;"B";"1";62
"1406";"Melinna palmata";72;"B";"1";7
"2303";"Tubificoides pseudogaster";72;"B";"1";6
"1700";"Nephtys hombergii";72;"C";"1";15
"1999";"Scoloplos armiger";72;"C";"1";60
"78";"Ampelisca brevicornis";72;"D";"1";62
"1740";"Notomastus latericeus";72;"D";"2";88
"1998";"Scoloplos armiger";72;"D";"2";60
"18";"Abra tennuis";72;"E";"1";11
"82";"Ampelisca brevicornis";72;"E";"1";62
"1718";"Nephtys kersivalensis";72;"E";"1";46
"1993";"Scoloplos armiger";72;"E";"2";60
"305";"Aphelochaeta marioni";73;"A";"2";13
"355";"Capitella capitata";73;"A";"34";55
"532";"Copepoda: Harpacticoida";73;"A";"1";44
"632";"Cyathura carinata";73;"A";"1";4
"1067";"Hediste diversicolor";73;"A";"7";2
"1728";"Notomastus latericeus";73;"A";"1";88
"1803";"Parapionosyllis minuta";73;"A";"1";89
"2365";"Tubificoides sp.";73;"A";"96";24
"179";"Aphelochaeta marioni";73;"B";"4";13
"377";"Capitella capitata";73;"B";"58";55
"1554";"Neanthes virens";73;"B";"1";31
"2361";"Tubificoides sp.";73;"B";"17";24
"134";"Anaitides mucosa";73;"C";"1";51
"375";"Capitella capitata";73;"C";"2";55
"403";"Caulleriella zetlandica";73;"C";"1";57
"863";"Glycera tridactyla";73;"C";"1";59
"999";"Hediste diversicolor";73;"C";"1";2
"2368";"Tubificoides sp.";73;"C";"22";24
"529";"Cirriformia tentaculata";73;"D";"4";82
"1741";"Notomastus latericeus";73;"D";"2";88
"2376";"Tubificoides sp.";73;"D";"25";24
"114";"Anaitides mucosa";73;"E";"1";51
"345";"Capitella capitata";73;"E";"3";55
"398";"Caulleriella zetlandica";73;"E";"4";57
"926";"Hediste diversicolor";73;"E";"1";2
"1734";"Notomastus latericeus";73;"E";"6";88
"2392";"Tubificoides sp.";73;"E";"7";24
"212";"Aphelochaeta marioni";74;"A";"40";13
"358";"Capitella capitata";74;"A";"2";55
"596";"Corophium volutator";74;"A";"1";12
"793";"Eteone longa";74;"A";"1";1
"1030";"Hediste diversicolor";74;"A";"10";2
"2076";"Spionidae sp";74;"A";"1";9
"2108";"Streblospio shrubsolii";74;"A";"1";3
"2176";"Tubificoides benedii";74;"A";"123";16
"2298";"Tubificoides pseudogaster";74;"A";"3";6
"251";"Aphelochaeta marioni";74;"B";"2";13
"899";"Hediste diversicolor";74;"B";"3";2
"1156";"Hydrobia ulvae";74;"B";"1";5
"2228";"Tubificoides benedii";74;"B";"22";16
"2261";"Tubificoides pseudogaster";74;"B";"13";6
"291";"Aphelochaeta marioni";74;"C";"5";13
"386";"Carcinus maenas";74;"C";"1";37
"1029";"Hediste diversicolor";74;"C";"3";2
"1158";"Hydrobia ulvae";74;"C";"1";5
"2187";"Tubificoides benedii";74;"C";"99";16
"259";"Aphelochaeta marioni";74;"D";"43";13
"347";"Capitella capitata";74;"D";"4";55
"771";"Eteone longa";74;"D";"1";1
"951";"Hediste diversicolor";74;"D";"4";2
"1596";"Nephtys hombergii";74;"D";"1";15
"2154";"Tubificoides benedii";74;"D";"155";16
"1575";"Nemertina";74;"E";"1";47
"158";"Aphelochaeta marioni";75;"A";"8";13
"435";"Cerastoderma edule";75;"A";"1";23
"708";"Cyathura carinata";75;"A";"8";4
"1038";"Hediste diversicolor";75;"A";"15";2
"1509";"Mya arenaria";75;"A";"1";22
"1900";"Pygospio elegans";75;"A";"3";28
"2290";"Tubificoides pseudogaster";75;"A";"1";6
"268";"Aphelochaeta marioni";75;"B";"30";13
"706";"Cyathura carinata";75;"B";"13";4
"1125";"Hediste diversicolor";75;"B";"25";2
"1210";"Hydrobia ulvae";75;"B";"1";5
"1898";"Pygospio elegans";75;"B";"2";28
"1989";"Scoloplos armiger";75;"B";"1";60
"2034";"Scrobicularia plana";75;"B";"1";20
"2126";"Streblospio shrubsolii";75;"B";"3";3
"62";"Abra tennuis";75;"C";"1";11
"213";"Aphelochaeta marioni";75;"C";"1";13
"469";"Cerastoderma edule";75;"C";"1";23
"499";"Chaetozone christii";75;"C";"71";72
"609";"Corophium volutator";75;"C";"1";12
"638";"Cyathura carinata";75;"C";"5";4
"1014";"Hediste diversicolor";75;"C";"5";2
"1155";"Hydrobia ulvae";75;"C";"11";5
"1532";"Mya arenaria";75;"C";"2";22
"1903";"Pygospio elegans";75;"C";"4";28
"2010";"Scrobicularia plana";75;"C";"1";20
"2093";"Streblospio shrubsolii";75;"C";"6";3
"2308";"Tubificoides pseudogaster";75;"C";"6";6
"136";"Anaitides mucosa";75;"D";"1";51
"204";"Aphelochaeta marioni";75;"D";"104";13
"655";"Cyathura carinata";75;"D";"6";4
"731";"Desdemona ornata";75;"D";"1";14
"1027";"Hediste diversicolor";75;"D";"11";2
"1376";"Malacoceros tetraceros";75;"D";"1";86
"1416";"Melita palmata";75;"D";"1";33
"1887";"Pseudopolydora paucibranchiata";75;"D";"1";73
"1889";"Pygospio elegans";75;"D";"1";28
"1974";"Scoloplos armiger";75;"D";"1";60
"2071";"Spio martinensis";75;"D";"1";58
"2107";"Streblospio shrubsolii";75;"D";"7";3
"2264";"Tubificoides pseudogaster";75;"D";"3";6
"214";"Aphelochaeta marioni";75;"E";"21";13
"639";"Cyathura carinata";75;"E";"12";4
"958";"Hediste diversicolor";75;"E";"31";2
"1899";"Pygospio elegans";75;"E";"13";28
"2096";"Streblospio shrubsolii";75;"E";"8";3
"2330";"Tubificoides pseudogaster";75;"E";"1";6
"437";"Cerastoderma edule";76;"A";"1";23
"963";"Hediste diversicolor";76;"A";"3";2
"1892";"Pygospio elegans";76;"A";"1";28
"1829";"Polydora cornuta";76;"B";"2";8
"966";"Hediste diversicolor";76;"C";"1";2
"1645";"Nephtys hombergii";76;"C";"1";15
"1831";"Polydora cornuta";76;"C";"1";8
"321";"Arenicola marina";76;"D";"3";35
"1890";"Pygospio elegans";76;"D";"5";28
"2227";"Tubificoides benedii";76;"D";"1";16
"293";"Aphelochaeta marioni";76;"E";"1";13
"2104";"Streblospio shrubsolii";76;"E";"1";3
"2304";"Tubificoides pseudogaster";76;"E";"21";6
"1260";"Hydrobia ulvae";77;"A";"1";5
"1359";"Macoma balthica";77;"A";"1";21
"1832";"Polydora cornuta";77;"A";"1";8
"2085";"Streblospio shrubsolii";77;"A";"1";3
"2309";"Tubificoides pseudogaster";77;"A";"22";6
"1630";"Nephtys hombergii";77;"B";"1";15
"981";"Hediste diversicolor";77;"C";"1";2
"1712";"Nephtys kersivalensis";77;"C";"1";46
"2210";"Tubificoides benedii";77;"C";"1";16
"1098";"Hediste diversicolor";77;"D";"3";2
"2105";"Streblospio shrubsolii";77;"D";"1";3
"2268";"Tubificoides pseudogaster";77;"D";"15";6
"988";"Hediste diversicolor";77;"E";"1";2
"1711";"Nephtys kersivalensis";77;"E";"1";46
"2280";"Tubificoides pseudogaster";77;"E";"9";6
"322";"Arenicola marina";78;"A";"2";35
"1973";"Scoloplos armiger";78;"A";"10";60
"2396";"Urothoe brevicornis";78;"A";"12";99
"323";"Arenicola marina";78;"B";"2";35
"810";"Eteone longa";78;"B";"2";1
"1726";"Notomastus latericeus";78;"B";"1";88
"2005";"Scoloplos armiger";78;"B";"3";60
"2406";"Urothoe brevicornis";78;"B";"11";99
"1723";"Nephtys kersivalensis";78;"C";"1";46
"1970";"Scolelepsis sp.";78;"C";"1";92
"1995";"Scoloplos armiger";78;"C";"7";60
"2398";"Urothoe brevicornis";78;"C";"1";99
"127";"Anaitides mucosa";78;"D";"1";51
"1652";"Nephtys hombergii";78;"D";"1";15
"1976";"Scoloplos armiger";78;"D";"10";60
"80";"Ampelisca brevicornis";78;"E";"2";62
"324";"Arenicola marina";78;"E";"1";35
"1732";"Notomastus latericeus";78;"E";"1";88
"1979";"Scoloplos armiger";78;"E";"16";60
"2404";"Urothoe brevicornis";78;"E";"13";99
"332";"Bathyporeia indet.";79;"A";"2";96
"736";"Dosinia lupinus";79;"A";"1";63
"791";"Eteone longa";79;"A";"1";1
"1011";"Hediste diversicolor";79;"A";"4";2
"1736";"Notomastus latericeus";79;"A";"2";88
"1982";"Scoloplos armiger";79;"A";"3";60
"2400";"Urothoe brevicornis";79;"A";"16";99
"120";"Anaitides mucosa";79;"B";"2";51
"333";"Bathyporeia indet.";79;"B";"1";96
"443";"Cerastoderma edule";79;"B";"1";23
"737";"Dosinia lupinus";79;"B";"1";63
"1099";"Hediste diversicolor";79;"B";"1";2
"1988";"Scoloplos armiger";79;"B";"20";60
"2405";"Urothoe brevicornis";79;"B";"2";99
"1025";"Hediste diversicolor";79;"C";"3";2
"1735";"Notomastus latericeus";79;"C";"3";88
"1986";"Scoloplos armiger";79;"C";"14";60
"2397";"Urothoe brevicornis";79;"C";"9";99
"124";"Anaitides mucosa";79;"D";"3";51
"426";"Cerastoderma edule";79;"D";"1";23
"1121";"Hediste diversicolor";79;"D";"3";2
"1733";"Notomastus latericeus";79;"D";"6";88
"1978";"Scoloplos armiger";79;"D";"8";60
"2179";"Tubificoides benedii";79;"D";"1";16
"2395";"Urothoe brevicornis";79;"D";"23";99
"118";"Anaitides mucosa";79;"E";"2";51
"1079";"Hediste diversicolor";79;"E";"1";2
"1992";"Scoloplos armiger";79;"E";"5";60
"2408";"Urothoe brevicornis";79;"E";"23";99
"1374";"Malacoceros tetraceros";80;"A";"1";86
"1981";"Scoloplos armiger";80;"A";"1";60
"2347";"Tubificoides pseudogaster";80;"A";"8";6
"334";"Bathyporeia indet.";80;"B";"1";96
"1983";"Scoloplos armiger";80;"B";"1";60
"2190";"Tubificoides benedii";80;"B";"13";16
"2401";"Urothoe brevicornis";80;"B";"1";99
"539";"Copepoda: Harpacticoida";80;"C";"1";44
"1990";"Scoloplos armiger";80;"C";"10";60
"2235";"Tubificoides benedii";80;"C";"36";16
"2003";"Scoloplos armiger";80;"D";"2";60
"2063";"Spio martinensis";80;"D";"1";58
"2168";"Tubificoides benedii";80;"D";"21";16
"1997";"Scoloplos armiger";80;"E";"3";60
"2170";"Tubificoides benedii";80;"E";"15";16
